time,VIC,HPG,GAS,FPT,MWG,VNM,MSN,GEX,KDH,REE,PNJ,KBC,MSR,GMD,DGC,HAG,VEF,SBT,PDR,VGC,DXG,SJS,HUT,DCM,PVS,PVD,KDC,DPM,VCG,BMP,CII,DHG,CEO,VHC,NLG,DIG,NTP,DBC,VSH,HDG,LGC,HSG,PVT,DGW,CTD,IMP,VCF,PHR,VSC,CMG,ANV,NT2,TMS,HNG,NKG,VCS,IJC,DHT,HHV,PDN,HT1,PAN,HHS,TVN,TLG,CHP,HDC,TBD,TMP,SAS,QCG,DDV,VC3,STG,PET,SHP,SCR,DPR,DHC,PPC,DCL,AAA,HGM,PTB,TRA,CSV,TCM,SAM,DPP,DNP,SWC,PGS,DVP,ASM,ELC
2016-01-31,12.86,2.74,19.33,8.42,8.03,42.82,37.32,8.41,5.46,9.34,13.52,8.28,6.91,13.04,8.73,8.2,15.53,13.93,3.06,4.86,5.41,6.72,6.89,6.4,9.17,14.08,15.81,7.06,5.02,30.4,15.43,28.62,6.21,8.55,11.16,3.34,12.4,4.92,9.79,4.54,16.63,5.39,4.01,4.14,60.17,7.74,62.85,5.4,9.44,4.84,1.21,10.22,22.85,15.4,2.8,10.35,2.31,2.64,8.12,5.99,13.81,15.78,6.13,8.93,21.03,7.69,2.91,12.47,11.79,17.51,4.33,7.86,5.43,6.99,6.02,8.08,6.38,6.46,6.26,5.41,8.92,6.62,18.71,11.83,34.61,3.92,10.98,5.33,5.23,5.88,6.49,9.12,27.8,7.27,8.93
2016-02-29,11.91,2.78,21.06,8.67,8.37,47.25,37.06,8.24,5.48,9.41,13.62,9.2,6.62,12.84,8.9,8.1,27.44,14.82,3.08,4.79,5.05,6.26,6.96,6.4,9.05,15.31,17.17,7.01,4.97,32.66,16.12,38.8,5.99,8.79,10.79,3.22,12.89,5.01,9.61,4.44,16.48,5.86,3.97,4.12,67.2,9.03,73.25,5.44,8.73,5.32,1.29,10.26,24.02,8.0,2.78,12.2,2.45,2.96,8.12,6.37,14.41,15.57,6.37,5.7,21.17,7.92,2.84,12.84,11.71,17.28,4.06,8.69,6.06,6.99,6.21,8.08,6.59,7.39,6.26,5.26,12.58,7.01,18.71,13.24,38.17,3.96,11.56,5.39,5.23,6.74,6.02,9.27,27.8,7.57,9.04
2016-03-31,12.75,2.94,21.12,8.54,8.42,49.46,36.8,8.79,5.95,9.37,14.46,8.92,21.67,12.71,7.87,7.8,42.37,15.08,3.5,9.65,4.87,5.81,6.82,6.4,9.11,14.51,16.74,7.11,4.97,36.43,16.33,36.42,5.61,8.22,10.82,2.97,15.5,5.81,9.73,4.26,16.24,6.5,4.05,3.97,82.57,9.71,74.6,5.81,7.7,5.32,1.27,12.86,21.3,8.0,3.06,14.42,2.77,2.79,8.12,6.34,13.87,15.73,5.48,9.5,19.85,8.08,2.8,13.01,11.18,14.42,4.42,11.67,7.16,7.62,6.17,8.13,5.97,6.93,7.4,5.81,12.34,8.18,20.74,16.95,45.31,4.69,10.72,6.2,5.61,11.29,6.92,9.47,29.46,7.19,9.44
2016-04-30,14.18,3.34,26.27,8.82,8.37,51.31,36.03,8.69,5.95,9.07,17.32,9.69,14.98,13.49,8.01,8.0,51.41,17.26,3.38,8.58,4.54,6.2,6.47,6.4,10.24,14.94,18.73,7.26,5.06,35.42,17.08,36.64,5.51,8.64,11.15,3.55,15.41,6.07,9.52,4.52,16.17,9.08,4.48,3.7,76.42,9.67,77.77,6.66,7.25,4.94,1.19,12.37,17.82,8.5,4.16,16.64,2.77,3.08,7.18,6.36,14.78,19.78,5.29,7.6,20.29,7.79,2.76,16.21,11.79,16.98,4.33,8.61,7.06,7.13,6.07,7.87,6.31,7.9,7.8,5.53,16.31,9.49,18.71,19.95,47.82,4.51,9.66,5.89,4.88,11.77,6.28,9.37,30.08,7.82,8.92
2016-05-31,14.18,3.37,30.91,8.69,9.78,52.42,35.77,8.41,6.03,9.14,19.58,10.32,13.6,14.05,7.65,7.8,52.01,16.48,3.5,8.64,4.57,7.53,6.34,6.71,11.14,19.35,19.16,7.11,5.65,36.04,17.43,34.37,5.61,10.14,11.06,3.92,16.11,6.93,9.33,4.86,15.41,10.23,5.11,3.17,79.8,8.8,62.85,6.56,7.77,5.11,1.21,13.26,17.95,8.1,4.16,18.52,3.05,3.23,7.68,6.66,15.86,19.73,5.22,7.5,25.29,8.26,2.97,17.07,11.53,15.79,4.24,6.79,7.38,6.68,6.26,8.26,6.45,7.59,7.21,5.59,14.65,12.28,18.71,20.31,52.86,4.27,10.0,6.2,4.31,11.26,6.4,9.53,32.23,7.15,9.32
2016-06-30,14.81,3.95,32.2,8.91,13.99,52.8,34.23,8.8,5.93,9.06,23.56,10.88,13.53,13.79,9.02,7.3,55.49,16.22,3.24,8.51,4.57,6.44,6.68,6.87,10.84,18.98,20.71,7.17,7.3,37.85,18.12,46.58,5.01,14.15,10.72,3.7,18.41,7.66,9.52,4.67,17.46,11.97,5.42,3.11,87.51,9.61,64.2,7.07,9.41,4.94,1.09,14.56,19.14,8.1,5.94,21.0,3.08,3.36,6.63,7.41,15.7,22.73,5.67,6.36,27.06,8.82,2.91,14.5,12.11,16.08,4.24,7.86,7.92,11.28,6.51,8.78,6.65,7.46,8.3,5.13,16.31,15.22,22.38,23.13,68.02,4.95,9.58,5.64,4.84,14.94,7.24,9.41,33.56,6.39,9.68
2016-07-31,15.29,4.44,30.14,8.74,15.24,59.16,32.94,8.8,6.03,9.1,19.58,12.42,10.11,13.49,8.96,6.4,47.19,17.05,3.01,9.27,4.63,7.05,7.51,6.33,10.76,15.67,21.38,7.55,7.66,42.26,18.36,41.83,5.01,16.33,10.29,3.88,18.43,7.19,9.26,5.13,16.7,11.42,6.01,2.66,100.66,10.84,63.3,6.59,9.77,4.91,0.98,14.72,15.25,6.9,6.27,21.2,3.08,4.1,7.18,9.81,16.34,22.09,4.08,6.55,27.65,8.48,2.97,14.7,11.53,15.47,4.15,4.14,7.58,14.84,6.51,9.21,6.79,7.46,8.09,5.48,22.12,18.06,25.69,21.89,67.43,5.82,7.87,5.64,4.17,12.58,7.24,8.92,32.9,6.39,11.44
2016-08-31,14.42,5.06,32.97,9.58,16.37,71.74,35.52,8.26,6.78,8.88,21.57,12.5,10.55,14.46,9.81,6.3,45.52,18.25,3.01,9.72,4.45,7.89,8.95,6.01,13.37,15.49,28.48,7.5,8.38,42.26,20.19,43.64,4.91,17.26,10.34,3.43,20.98,7.43,9.98,5.06,18.07,12.58,6.64,2.22,110.18,13.41,64.66,6.28,10.34,5.38,1.01,15.58,17.04,7.3,9.76,24.74,2.87,3.87,4.81,9.34,14.67,22.57,3.7,6.55,32.41,8.91,2.97,16.55,11.53,14.93,3.88,5.21,7.48,16.87,6.36,8.97,7.07,7.68,8.21,5.38,21.58,16.69,21.59,23.48,66.25,6.29,7.83,5.51,3.79,13.63,6.67,9.03,33.56,6.94,10.38
2016-09-30,16.34,5.4,36.57,10.18,15.83,64.38,36.19,7.9,7.36,9.54,22.94,13.34,9.16,15.02,12.22,5.25,50.34,16.12,3.02,11.15,4.33,8.58,9.53,6.52,13.5,16.29,29.0,7.37,8.07,50.25,20.83,50.65,5.01,18.29,10.63,3.17,24.06,7.94,10.01,4.72,18.25,12.18,6.57,2.78,117.71,13.86,66.46,6.18,9.77,6.14,1.18,16.59,17.07,5.6,9.86,30.29,2.84,3.79,2.6,9.01,15.05,25.65,3.73,5.32,31.52,8.82,2.82,16.91,11.58,13.14,3.79,6.95,8.51,17.39,6.03,9.21,6.65,7.46,8.48,5.13,16.84,15.57,18.95,25.91,73.05,6.49,7.09,5.14,3.79,16.15,7.55,9.36,33.03,6.62,9.94
2016-10-31,15.61,4.82,34.23,9.49,16.49,65.3,33.82,8.2,7.35,9.39,20.8,12.21,10.84,13.95,9.81,5.2,40.9,17.77,3.15,11.93,4.5,7.32,9.1,5.9,12.23,14.85,27.89,7.19,8.18,52.32,20.12,44.54,5.46,17.07,10.37,3.38,22.57,7.84,9.85,4.69,17.67,11.61,5.96,3.1,117.89,13.31,68.91,7.64,8.69,5.74,1.25,15.32,16.15,6.01,8.6,30.58,3.24,3.75,2.21,9.34,14.13,24.72,3.38,4.84,30.92,8.78,2.55,16.91,11.53,14.04,3.7,4.85,8.34,20.17,5.82,9.39,6.45,8.35,9.32,5.34,20.03,14.96,21.22,25.43,68.61,5.74,6.85,5.06,4.54,14.1,7.07,9.53,31.7,6.56,12.05
2016-11-30,15.43,4.98,33.14,9.46,18.76,63.47,32.99,7.77,7.04,9.81,21.39,10.04,10.76,13.95,9.13,5.91,29.59,16.42,3.29,10.24,5.27,7.5,8.73,5.99,11.27,14.75,26.12,7.05,7.87,50.56,20.83,44.41,5.81,14.91,10.96,3.5,21.82,7.72,10.17,4.45,19.03,14.09,5.48,3.04,103.99,12.23,76.86,8.59,8.19,5.52,1.11,13.83,16.03,6.8,8.79,27.8,2.88,4.02,3.09,9.62,14.06,22.62,3.37,5.7,30.92,9.02,2.65,18.72,12.2,15.53,3.46,4.76,8.83,20.0,5.51,9.07,5.84,8.04,8.89,5.93,23.03,14.91,21.06,25.07,68.02,5.55,6.1,4.99,6.13,12.84,7.16,9.4,33.98,6.51,12.14
2016-12-31,15.43,5.1,32.58,9.6,17.74,57.76,33.35,7.93,6.94,10.89,20.64,9.72,10.76,13.84,8.85,5.35,28.45,16.56,3.19,9.92,4.85,7.08,8.16,5.65,10.74,13.94,27.93,6.23,6.94,50.04,20.34,44.32,6.26,18.34,10.7,3.41,22.1,7.51,10.04,4.74,18.96,14.76,5.28,2.9,110.33,12.58,80.48,8.81,8.04,5.41,0.91,12.17,15.82,6.2,8.32,29.75,2.88,4.14,4.97,9.24,13.22,22.52,2.5,6.93,30.47,8.91,2.52,15.62,11.8,16.66,3.43,5.96,8.49,21.65,5.37,9.35,6.2,8.45,8.89,6.24,22.64,12.31,22.27,26.17,66.25,5.78,5.67,5.7,4.59,12.53,7.07,9.34,33.11,6.22,11.66
2017-01-31,15.43,5.0,32.32,9.84,18.19,59.33,33.38,8.08,6.83,11.35,21.42,9.58,9.75,14.51,8.1,5.6,27.18,16.42,3.36,9.98,5.21,7.02,8.59,5.38,11.59,14.14,28.35,6.73,7.2,50.57,22.18,49.74,6.56,17.93,11.09,3.45,22.07,6.9,9.78,4.76,19.7,14.41,5.5,2.85,116.98,12.58,80.93,9.96,8.5,5.54,0.67,12.92,15.7,7.3,8.39,29.89,3.1,4.65,4.97,10.48,12.9,22.04,2.52,6.55,29.5,9.25,2.55,14.54,12.93,16.01,3.7,4.93,8.51,20.7,5.37,9.37,5.94,8.64,8.77,6.39,25.16,11.52,20.53,25.64,66.25,6.01,5.63,5.25,3.96,10.96,6.76,9.52,35.87,6.39,10.73
2017-02-28,16.53,4.73,32.42,10.01,19.0,60.43,33.18,7.66,7.6,11.79,23.28,10.11,11.56,17.79,7.66,8.18,34.94,16.22,3.48,9.27,6.4,7.96,8.81,6.07,12.12,14.95,28.5,6.8,7.82,48.99,25.43,51.55,6.36,14.6,10.89,3.79,20.1,6.82,10.43,5.42,25.2,13.99,5.59,2.65,121.52,13.03,78.67,9.95,8.53,5.23,1.14,13.19,15.7,8.91,8.67,35.45,3.1,5.35,4.97,9.66,12.13,22.83,2.81,7.12,30.17,9.73,2.55,19.93,11.91,15.89,4.09,5.53,9.78,19.65,5.69,9.25,6.3,10.05,8.44,6.28,27.0,13.15,20.38,29.13,68.02,6.14,7.82,5.56,6.25,11.53,7.55,10.64,34.21,6.41,10.34
2017-03-31,15.35,5.42,29.57,10.32,19.14,65.9,38.07,8.2,8.79,12.82,23.53,10.53,11.93,17.74,8.1,9.15,40.7,16.69,4.3,10.11,7.98,8.28,9.96,5.82,11.53,13.5,32.27,6.76,8.12,53.89,27.67,62.58,5.96,17.2,12.77,3.87,22.24,7.22,10.27,5.86,19.44,14.65,5.82,2.97,126.6,15.04,76.86,9.32,8.3,5.16,1.32,14.04,16.33,11.6,9.62,39.16,3.1,7.12,6.46,9.61,14.45,22.62,3.18,7.6,32.25,9.86,2.56,19.33,12.25,15.53,5.77,5.62,9.81,20.0,5.64,9.3,5.79,9.18,8.11,6.43,22.55,13.39,18.01,29.03,70.45,6.0,8.47,5.83,6.34,13.0,9.59,10.34,31.96,6.51,10.38
2017-04-30,15.02,5.21,30.21,10.14,18.99,68.06,35.97,8.58,8.67,13.08,27.28,10.42,11.05,17.87,6.5,8.65,38.15,18.45,6.17,10.05,8.39,8.59,9.6,7.32,11.26,11.92,30.42,6.55,8.07,48.99,28.04,65.57,5.71,16.82,13.49,4.75,21.53,5.99,10.78,5.81,19.44,14.31,5.78,2.56,123.33,13.82,86.81,8.85,8.27,5.2,1.35,13.37,17.04,11.7,10.1,36.03,3.08,7.06,6.46,13.36,14.26,22.25,2.82,7.6,31.67,9.81,2.51,20.13,13.3,16.25,7.55,5.96,9.56,24.87,5.69,9.3,6.2,9.8,7.83,6.54,20.03,14.1,18.01,26.91,73.35,6.05,9.78,5.98,6.67,14.68,9.45,10.69,33.11,6.47,10.39
2017-05-31,14.78,5.39,30.27,11.02,21.44,69.79,34.96,8.97,9.64,14.87,29.84,11.09,10.84,20.51,6.7,8.7,32.46,20.31,6.28,11.02,7.67,9.08,9.68,7.18,11.13,10.51,32.61,6.69,9.26,47.32,28.62,75.07,5.76,17.86,13.45,5.71,22.67,6.68,11.95,5.85,18.35,16.99,6.56,2.69,129.38,14.35,85.91,11.83,8.16,5.56,1.87,13.02,17.64,10.9,12.12,38.23,3.41,11.11,6.46,11.84,12.9,21.57,3.08,7.22,33.18,10.41,3.06,21.74,14.86,16.57,19.75,5.11,9.53,24.87,5.84,9.77,8.18,10.26,7.61,7.56,20.13,16.67,19.1,28.5,75.21,6.49,12.09,5.81,7.3,14.42,8.29,11.52,32.37,5.92,10.25
2017-06-30,15.68,6.06,32.3,12.0,23.59,73.47,33.99,9.41,9.66,17.33,31.88,11.83,10.91,22.05,6.91,9.48,33.27,23.69,7.47,12.64,7.74,8.71,10.09,8.23,11.0,9.33,35.72,6.84,11.0,47.2,27.3,86.4,6.04,18.72,15.23,6.96,23.22,6.34,11.81,6.18,19.2,16.79,7.31,2.78,130.89,15.93,99.92,12.86,9.08,5.95,2.19,13.44,19.14,10.75,11.8,42.96,3.5,12.58,6.46,12.5,14.58,21.07,2.86,7.12,41.48,12.53,3.81,23.23,15.11,17.19,24.35,6.47,7.45,22.61,6.39,10.8,8.83,10.38,7.71,8.15,20.51,18.88,19.64,28.56,89.16,7.47,12.43,6.92,7.3,16.25,7.14,11.03,33.36,5.96,10.39
2017-07-31,16.34,6.12,34.68,12.39,23.04,71.14,34.63,8.98,9.71,17.47,32.54,10.28,10.47,20.77,6.82,9.41,33.8,27.34,7.35,12.77,8.54,8.96,9.68,7.85,10.68,8.96,35.43,6.72,10.7,37.91,23.85,80.91,6.07,16.44,16.22,6.69,23.53,6.3,13.54,6.32,17.54,14.51,7.24,2.93,125.93,16.81,103.99,14.26,8.19,6.39,3.1,13.49,20.03,10.35,11.33,53.09,4.06,12.3,6.46,14.44,12.16,21.78,3.03,7.22,42.43,12.69,4.0,23.48,17.54,18.06,21.29,5.62,7.1,21.0,6.2,11.32,8.32,10.12,8.18,9.05,24.09,17.98,24.01,33.53,85.87,7.96,12.39,6.45,6.39,20.23,8.58,11.34,35.7,5.43,9.85
2017-08-31,18.0,6.64,34.68,12.69,25.09,70.11,38.44,8.98,9.71,16.51,33.98,10.6,10.98,21.84,7.42,8.49,39.49,21.73,7.52,12.48,9.13,8.19,9.43,7.83,10.74,9.29,32.4,6.81,11.61,35.28,25.62,75.69,5.96,15.55,15.04,6.96,23.22,6.34,12.64,6.42,18.23,15.46,7.12,3.15,129.38,16.91,89.88,15.19,8.0,6.31,2.28,12.2,17.67,9.29,11.78,55.74,4.54,11.64,6.45,14.18,9.51,22.93,2.99,7.12,40.05,12.23,4.35,22.24,14.99,17.37,15.91,5.62,6.46,19.57,5.8,11.44,7.78,10.38,7.83,7.95,22.84,17.99,21.83,33.25,83.65,7.34,11.85,6.1,6.16,18.39,7.31,12.69,33.32,5.14,9.35
2017-09-30,18.81,7.37,38.84,12.75,26.67,70.49,44.59,10.09,9.88,16.49,35.98,10.25,12.58,22.43,7.31,8.4,40.5,17.57,8.17,15.54,9.39,8.85,9.93,7.88,11.0,9.53,33.44,6.62,11.07,36.95,23.49,74.69,5.78,16.18,14.46,7.09,24.78,6.34,12.71,7.06,18.59,14.82,7.29,3.25,128.76,15.81,89.52,15.48,8.1,6.39,3.16,12.5,18.66,9.7,12.56,63.58,4.71,10.65,6.45,15.46,10.11,22.26,2.87,7.69,39.26,12.46,4.51,28.55,15.45,18.06,15.44,6.72,6.01,18.09,5.8,11.04,8.07,10.26,8.56,8.05,21.34,19.01,20.95,36.04,84.3,8.14,11.26,6.39,6.16,18.39,7.66,14.28,33.22,5.07,7.67
2017-10-31,21.49,7.01,40.19,13.18,29.46,71.34,48.15,10.09,10.68,16.07,34.02,9.02,12.29,20.77,6.99,8.02,39.49,13.99,8.46,15.48,8.38,9.14,8.7,7.22,10.25,10.03,29.5,6.2,11.45,35.24,23.41,70.34,6.13,14.88,14.41,7.25,25.37,6.01,11.4,6.42,19.32,11.99,7.17,3.57,134.95,15.63,91.33,15.08,7.15,7.15,3.07,14.62,17.28,9.35,12.35,67.74,3.89,11.33,6.45,14.97,8.94,20.51,2.94,6.65,38.82,12.51,4.4,27.44,16.08,17.37,11.84,6.04,6.14,16.09,5.68,10.94,6.71,10.06,9.7,8.27,21.72,16.82,21.28,31.33,84.08,8.14,10.85,5.55,5.89,16.55,7.2,12.86,33.27,4.95,6.64
2017-11-30,27.36,7.81,45.37,15.27,30.96,88.2,54.3,11.15,12.14,18.7,39.39,9.69,13.09,21.95,7.1,7.73,42.84,13.65,9.53,18.75,9.25,10.54,9.68,7.36,12.28,12.63,30.65,6.26,15.25,46.55,24.18,75.04,6.19,16.94,15.84,9.13,30.29,5.88,11.74,7.19,17.13,12.33,8.22,4.06,140.71,16.89,92.69,15.7,7.34,11.32,3.55,15.72,14.33,9.31,14.09,72.45,3.85,10.12,6.45,16.73,11.35,20.87,3.13,7.12,38.43,12.58,4.19,27.37,16.94,19.0,12.36,5.79,6.01,16.7,6.03,10.94,7.54,10.11,11.4,9.37,21.58,17.82,21.12,33.56,85.51,7.71,10.62,6.31,5.89,16.63,7.08,14.78,33.08,4.95,7.74
2017-12-31,28.39,8.88,55.45,14.93,30.04,99.27,62.07,11.61,11.28,19.49,43.57,9.41,17.75,20.59,6.99,7.35,42.24,14.06,9.56,18.0,10.12,9.56,8.86,7.85,15.92,15.73,31.45,6.55,12.11,41.51,25.76,81.75,5.96,16.91,16.22,9.45,24.77,6.55,11.88,7.06,19.0,12.69,9.22,3.98,140.22,16.68,119.82,15.98,7.07,11.09,3.85,16.35,13.57,9.56,14.19,72.45,3.87,10.19,6.45,15.02,10.69,21.78,3.3,7.6,40.46,12.21,4.12,27.0,16.94,18.75,13.95,5.7,5.72,18.0,6.71,11.29,7.1,10.01,12.81,9.54,22.25,18.38,21.12,33.68,85.16,8.6,11.91,6.16,3.56,15.56,7.37,16.0,31.36,4.93,6.69
2018-01-31,31.59,11.8,70.93,16.45,28.78,96.84,74.53,14.67,14.2,20.03,47.39,9.86,25.96,22.51,6.96,8.2,36.21,13.82,10.56,17.73,14.33,9.75,8.7,7.77,18.62,18.49,35.43,7.44,14.11,41.22,27.52,70.73,6.53,17.61,18.8,10.39,23.71,6.25,11.71,8.65,16.97,13.52,9.52,4.38,124.43,16.3,118.28,17.43,6.64,11.47,5.24,16.16,13.54,8.69,15.14,69.95,3.89,8.52,5.52,15.22,11.14,29.34,3.22,11.3,40.06,12.23,3.8,27.37,16.18,19.32,13.85,5.7,5.69,18.44,6.37,11.54,9.41,10.65,12.79,8.6,21.43,17.36,20.22,32.61,82.25,8.76,11.26,7.4,6.21,18.7,7.48,23.68,31.85,4.93,6.79
2018-02-28,34.86,12.5,64.84,15.64,28.43,93.28,72.18,14.64,14.2,18.84,53.02,9.09,22.04,21.33,6.98,6.22,35.28,12.1,9.51,15.89,15.64,9.78,7.06,6.99,17.12,15.49,34.07,7.16,13.05,45.48,26.2,74.14,6.01,16.34,18.71,10.91,24.31,5.94,12.02,10.03,15.72,12.59,9.1,4.29,112.05,16.03,105.3,17.66,6.13,9.94,6.55,15.47,12.97,6.2,12.28,67.48,3.51,10.27,5.52,14.99,10.83,38.35,2.88,10.54,40.82,12.35,3.48,28.48,18.94,19.0,13.1,5.62,5.47,17.04,6.03,11.34,9.1,10.49,11.4,8.26,19.84,16.37,20.16,32.15,81.89,9.98,11.45,6.3,6.21,15.86,7.21,20.67,31.56,4.62,6.67
2018-03-31,43.05,11.44,74.81,15.88,25.86,96.61,91.85,16.77,14.92,18.45,65.52,9.37,21.6,19.42,7.09,6.61,35.14,11.9,10.92,16.84,17.1,9.5,7.55,7.07,14.57,12.86,30.49,6.71,13.0,33.36,22.72,78.9,8.02,23.03,21.57,11.79,21.94,5.25,12.16,10.2,14.91,12.08,10.08,4.64,97.75,15.92,103.86,17.03,6.64,12.08,8.35,15.03,12.97,8.85,11.59,82.5,4.13,10.32,6.33,14.65,10.14,39.26,2.7,9.78,39.46,11.61,3.89,34.99,16.59,19.57,12.64,5.7,5.85,17.44,6.03,11.46,10.18,10.26,11.63,8.05,19.16,14.4,18.88,32.0,72.06,9.12,10.32,6.3,5.93,14.18,7.9,20.48,29.89,5.16,6.57
2018-04-30,46.28,10.19,63.48,14.91,23.72,88.04,74.29,17.02,15.02,17.57,54.39,9.34,19.56,16.74,7.45,5.3,36.48,12.23,10.67,15.95,15.45,9.24,6.4,6.93,12.57,11.45,29.06,5.82,10.17,25.84,23.12,71.4,9.56,19.54,21.04,10.32,20.17,4.83,12.35,8.89,21.47,8.87,9.78,5.11,83.57,15.9,91.8,15.04,5.72,10.63,8.71,15.38,11.99,8.7,8.41,69.41,3.74,11.2,6.39,12.33,9.08,39.62,3.0,9.21,40.06,11.73,4.36,45.12,16.94,18.05,8.99,5.36,6.01,17.57,5.91,11.44,8.49,10.01,12.22,7.84,17.37,15.07,21.4,26.26,64.13,8.64,8.34,6.13,7.36,13.87,8.15,19.2,28.07,6.89,5.2
2018-05-31,42.61,10.63,51.46,14.19,24.7,78.14,65.55,15.13,13.64,16.12,53.18,8.84,18.47,16.14,7.05,4.46,35.41,9.97,9.67,15.75,16.32,8.11,5.0,6.01,11.74,9.06,26.95,5.06,9.89,32.33,20.7,74.61,9.16,17.37,17.48,8.58,19.33,5.21,12.28,8.1,17.13,6.39,8.32,5.13,87.91,15.42,102.13,15.74,5.29,7.99,9.14,14.77,11.16,7.5,7.46,59.56,3.72,9.5,6.42,11.71,8.29,35.33,2.83,9.5,38.86,12.18,4.11,51.56,15.9,18.69,8.9,5.19,5.95,16.52,6.23,11.54,7.25,10.16,11.81,7.89,16.45,15.22,21.86,26.9,59.76,7.62,8.71,6.26,6.5,16.09,8.61,19.71,23.56,5.86,4.88
2018-06-30,47.78,10.19,51.53,12.81,26.51,81.6,63.93,15.54,12.76,15.61,41.55,8.39,16.22,15.82,7.2,5.21,33.6,10.48,9.86,14.04,14.41,7.6,4.92,6.09,11.95,9.19,26.59,5.54,9.17,29.83,19.41,72.83,7.56,19.31,18.31,8.12,16.78,5.14,12.64,7.18,20.29,7.29,7.46,5.04,94.34,15.26,103.86,13.47,5.9,8.14,8.05,15.16,11.35,10.2,7.98,49.4,3.61,8.89,6.22,11.73,7.91,36.24,2.73,9.5,39.42,12.43,4.01,59.25,15.63,18.03,9.0,5.7,5.88,16.44,6.0,11.78,7.09,10.01,11.9,7.93,14.8,14.24,21.74,24.73,58.71,7.74,8.85,5.88,8.02,18.39,9.56,20.76,24.79,5.93,4.88
2018-07-31,47.29,9.91,51.12,13.21,27.16,80.74,68.14,15.68,12.39,17.27,46.09,8.39,16.8,16.61,7.93,7.62,33.47,11.29,8.48,12.07,13.8,7.6,4.59,5.98,11.88,8.86,26.95,5.95,9.57,29.02,18.5,72.41,7.45,23.09,20.01,7.34,16.56,5.84,12.72,7.23,21.87,6.78,8.39,4.55,94.03,15.12,95.78,16.06,6.53,8.11,6.64,15.61,11.05,17.25,7.27,56.83,3.8,8.51,6.22,11.63,8.25,32.67,3.01,9.02,37.54,12.73,3.99,56.59,17.22,17.22,10.0,6.13,6.17,16.26,5.81,11.89,7.52,9.93,11.12,8.47,14.0,12.92,23.46,26.76,54.88,7.91,8.58,5.99,8.02,13.0,9.56,21.68,25.05,6.3,4.35
2018-08-31,45.96,10.6,61.17,13.96,27.91,75.22,76.88,16.58,13.17,17.52,49.78,8.49,20.73,16.71,9.47,6.79,40.16,12.84,8.19,13.47,15.07,6.94,4.35,6.37,14.78,10.41,25.23,5.66,10.37,28.61,19.45,66.57,8.46,25.33,20.28,8.48,17.66,6.61,12.57,8.61,23.37,6.51,9.06,5.04,105.82,15.23,96.94,16.36,7.12,9.56,6.64,15.26,9.76,17.9,6.83,57.79,3.63,8.65,6.22,11.95,8.77,34.84,2.85,9.02,40.21,12.32,3.65,51.19,17.75,17.09,8.6,7.06,6.24,17.26,5.73,11.89,7.49,10.0,10.67,8.2,13.8,13.41,23.08,26.32,50.16,9.09,9.7,6.01,8.02,15.5,9.56,20.11,24.54,5.91,4.35
2018-09-30,43.69,11.22,68.72,14.62,29.58,80.11,75.09,16.44,14.91,18.06,50.94,8.92,20.18,17.99,9.88,6.13,41.97,14.33,8.84,13.76,15.98,7.14,4.84,6.91,16.02,13.94,24.02,6.25,10.94,32.33,19.93,72.12,8.58,31.28,21.32,8.63,18.02,6.84,12.86,9.78,22.52,7.63,9.81,5.29,106.14,15.12,96.07,17.23,7.21,10.14,8.12,16.01,10.4,17.15,7.63,61.3,3.72,9.37,6.55,11.12,10.32,34.48,3.0,9.02,39.37,12.32,4.0,56.22,17.49,16.69,8.56,7.83,5.88,17.48,5.9,11.7,7.81,10.2,11.76,9.06,14.0,13.19,25.33,28.0,66.22,9.13,12.69,6.64,8.88,14.5,10.08,20.3,24.41,5.98,4.63
2018-10-31,43.2,10.68,61.77,13.25,26.23,67.74,67.16,14.58,14.12,15.42,46.84,8.49,19.45,18.36,10.67,5.08,42.84,13.99,8.48,11.24,12.9,5.64,4.51,6.15,14.42,11.21,21.64,6.06,10.54,29.02,17.43,60.58,7.84,30.92,18.84,6.9,16.74,6.54,12.5,8.57,20.82,5.56,9.08,4.65,93.1,15.12,94.05,18.46,6.7,8.58,9.3,14.98,9.54,14.2,5.1,46.74,3.57,9.96,6.55,10.77,9.23,29.04,2.93,8.74,34.73,12.16,3.62,57.15,17.75,16.21,7.0,8.51,5.92,16.96,5.71,12.1,6.91,9.7,11.12,8.02,11.4,11.0,24.38,26.94,57.16,7.95,10.41,6.34,9.0,14.5,10.37,20.17,23.41,4.93,3.72
2018-11-30,45.2,8.81,53.93,13.55,26.2,74.68,64.74,14.47,13.18,15.56,44.47,8.92,19.09,18.52,11.37,5.15,51.74,14.26,8.51,11.81,12.87,5.77,4.06,6.53,14.64,10.67,20.34,6.96,10.54,28.1,19.3,59.14,8.09,33.55,18.64,7.58,15.28,6.12,12.28,8.79,26.73,3.99,8.3,4.63,99.43,15.64,86.55,20.41,6.95,8.24,10.26,15.43,10.07,16.7,3.89,46.49,3.43,10.67,6.55,11.71,10.1,25.53,2.77,9.5,36.31,12.08,3.9,53.84,19.08,15.8,5.29,8.42,6.33,17.31,5.4,11.89,6.77,10.31,11.41,8.65,9.1,11.19,25.15,27.91,52.3,7.42,10.32,5.68,7.15,14.0,10.67,21.12,23.21,4.75,3.71
2018-12-31,42.36,8.21,51.43,13.33,26.98,70.59,62.71,12.67,14.47,15.07,45.38,9.23,17.27,17.49,10.42,4.88,47.79,14.34,8.19,13.11,12.63,6.9,3.67,6.47,13.35,9.83,20.22,7.19,12.87,26.78,19.3,56.97,7.84,31.88,16.99,7.53,14.77,6.07,12.24,8.96,28.6,3.92,8.15,4.44,102.3,17.7,84.24,22.74,7.04,10.14,10.52,15.5,11.69,16.0,4.05,43.76,3.31,10.28,6.55,11.98,10.37,26.31,2.71,8.55,34.21,11.4,3.93,62.42,17.93,16.21,4.6,8.85,7.87,18.8,5.2,11.94,6.26,10.47,10.4,8.84,9.35,11.08,22.79,26.94,51.56,7.18,10.28,6.06,6.98,16.0,11.77,20.51,22.72,3.63,3.75
2019-01-31,46.18,7.35,52.15,13.64,25.74,79.41,62.88,12.35,13.2,16.49,46.26,9.9,17.0,17.25,9.51,5.0,61.25,14.54,8.27,14.26,12.29,8.04,3.38,5.59,14.04,10.98,16.71,7.32,13.9,23.42,16.88,61.3,7.84,30.77,17.22,7.61,14.96,6.31,12.57,9.72,28.6,3.98,8.82,4.51,86.19,14.5,85.68,24.14,7.46,11.19,10.04,18.4,10.99,14.3,3.13,39.49,3.46,9.6,6.55,12.75,11.85,28.28,2.67,8.74,32.16,11.35,3.94,94.6,19.2,17.94,4.6,7.49,7.2,17.4,5.31,12.32,6.43,11.71,10.71,11.04,10.25,10.93,27.17,26.14,53.08,7.45,11.86,6.36,6.34,13.8,11.18,22.07,22.18,3.79,3.61
2019-02-28,50.67,8.91,58.32,13.96,26.91,83.0,71.94,14.1,13.5,17.04,46.94,10.21,16.82,18.39,9.97,5.52,64.26,14.43,8.39,14.91,13.0,7.74,3.48,5.62,15.48,11.45,17.13,6.74,16.31,26.98,17.62,85.46,8.09,31.88,17.38,8.12,13.86,5.84,12.42,10.03,28.6,5.25,8.98,4.53,85.55,14.45,83.38,29.92,7.64,12.1,10.23,18.31,11.82,15.6,3.94,43.37,4.22,9.23,6.55,12.59,12.0,27.87,2.75,8.17,33.42,12.43,3.96,94.0,19.75,17.59,4.77,7.23,7.16,17.35,5.62,12.43,6.39,12.88,12.03,11.58,13.55,11.34,23.67,27.47,50.8,7.27,13.98,6.39,6.92,14.1,12.06,25.13,20.37,3.75,3.42
2019-03-31,51.51,8.54,59.49,14.37,26.29,79.29,68.22,13.21,13.9,16.42,48.45,10.32,18.27,17.72,9.78,5.56,85.54,13.41,9.16,14.77,11.84,8.51,3.77,5.65,15.63,12.06,17.67,6.47,16.01,24.72,18.17,86.78,7.6,30.14,18.11,8.0,13.86,5.68,12.61,10.7,23.09,5.67,8.82,4.41,91.69,15.41,84.41,35.77,7.17,12.67,9.67,17.01,13.13,15.55,3.74,41.1,5.0,9.06,6.55,16.15,11.55,28.21,2.78,8.55,31.58,12.0,4.44,91.37,20.42,17.94,5.39,7.66,7.2,16.75,5.9,11.89,6.29,12.18,12.13,11.94,19.8,12.7,24.62,27.82,55.43,7.89,13.91,6.49,7.96,14.6,11.87,23.64,20.88,3.68,3.23
2019-04-30,50.53,8.91,68.33,15.65,26.32,76.35,70.32,12.75,13.59,16.39,48.74,10.14,17.36,17.32,8.67,5.47,78.18,13.3,9.29,14.05,11.31,7.09,3.48,5.5,17.68,12.76,17.04,5.94,16.37,24.13,16.81,85.02,7.42,31.48,19.46,7.97,13.46,5.78,13.52,10.13,19.85,5.3,8.49,4.42,77.24,15.09,111.36,35.36,6.64,12.84,10.15,17.11,12.69,15.7,3.46,41.49,4.6,9.06,7.86,14.41,12.23,26.5,2.67,8.07,32.68,12.43,4.21,71.44,21.69,18.01,5.24,6.89,7.61,16.8,5.77,12.37,6.19,12.43,14.11,13.77,20.0,13.94,26.93,28.5,51.11,7.56,13.14,6.49,9.4,13.6,11.78,24.45,20.1,3.72,3.2
2019-05-31,50.93,8.51,63.18,15.63,27.16,76.18,69.43,12.78,13.59,16.75,50.3,10.11,18.36,17.45,8.21,5.07,69.95,13.19,9.56,14.44,9.71,6.8,2.9,5.34,17.15,12.59,16.46,5.9,15.6,23.93,16.92,84.73,7.05,31.21,19.46,7.47,12.77,5.27,13.89,10.07,25.11,5.39,8.72,4.28,70.97,14.94,109.05,38.01,6.6,15.0,11.56,17.01,12.23,15.2,3.17,41.56,4.71,8.74,7.86,14.24,12.46,22.69,2.51,7.79,30.49,12.7,4.58,71.44,23.33,18.36,5.15,6.98,7.39,14.0,5.8,12.48,6.09,14.0,14.49,13.76,18.15,13.38,24.44,29.95,51.03,7.53,13.23,6.48,9.4,15.2,11.15,23.3,20.88,3.67,3.33
2019-06-30,51.42,8.1,59.07,16.13,29.27,73.21,67.16,12.58,14.14,16.37,47.49,9.97,16.64,17.39,7.7,5.35,77.65,12.57,10.32,14.66,9.9,7.57,2.32,5.34,17.45,12.56,16.04,5.15,15.6,22.91,16.51,79.96,6.86,30.18,19.35,7.08,12.4,6.32,13.08,10.83,27.63,4.92,8.46,4.05,68.41,14.32,104.38,41.61,6.1,15.93,10.73,16.83,12.91,17.1,3.26,40.16,4.56,8.28,7.88,17.89,12.15,21.93,2.3,7.88,29.95,12.19,4.81,83.47,21.23,19.02,4.53,7.23,7.48,13.8,5.52,12.43,6.25,14.54,14.91,14.7,18.45,13.83,26.2,31.53,51.17,7.86,13.45,7.1,9.4,14.9,11.24,22.75,21.32,3.51,3.31
2019-07-31,54.22,7.78,66.09,17.16,33.68,73.33,64.74,12.9,12.86,16.88,50.48,10.71,15.18,17.45,8.64,5.08,82.73,12.46,10.51,14.62,9.21,6.53,2.22,5.23,17.0,12.48,15.58,4.89,15.54,26.09,16.07,72.98,7.05,30.49,20.18,6.9,14.59,5.75,14.03,11.84,31.96,4.87,9.5,4.34,72.25,15.14,100.46,47.32,5.56,17.29,10.2,16.07,12.04,17.95,3.11,51.05,5.28,11.7,7.88,19.38,12.0,23.06,2.25,7.03,32.25,11.65,5.15,60.16,21.18,26.34,4.5,5.96,7.26,13.0,5.47,12.89,6.0,14.06,14.98,12.84,16.05,13.49,26.2,30.46,51.17,7.08,12.16,6.93,9.09,14.7,11.33,22.75,22.9,3.21,3.15
2019-08-31,54.89,7.66,62.35,19.18,36.87,73.21,61.01,13.71,13.93,18.89,54.03,11.65,14.73,19.13,7.56,4.86,85.54,12.34,10.45,14.13,10.46,6.87,2.22,5.14,15.78,13.82,18.3,4.66,15.66,26.89,15.45,68.92,6.85,27.51,20.08,7.9,14.18,5.91,13.96,11.4,36.46,4.52,9.44,4.53,60.55,14.53,113.53,46.92,6.07,18.11,9.62,16.07,12.48,17.0,3.21,61.15,6.56,11.05,10.83,19.67,11.62,22.0,2.06,7.22,30.38,12.24,6.6,63.62,20.46,29.52,4.88,5.96,7.26,13.3,5.54,12.97,5.79,13.47,13.29,12.74,16.6,12.72,26.2,32.08,48.71,6.81,11.45,6.74,9.09,15.2,11.6,21.99,27.24,3.11,3.21
2019-09-30,53.25,7.57,65.88,20.85,39.77,78.48,63.52,14.89,14.77,19.66,52.85,10.89,15.27,18.32,7.21,4.49,79.59,13.35,10.32,14.58,11.78,6.29,2.22,5.26,15.33,13.45,17.0,4.54,15.66,27.54,16.15,69.14,6.78,27.92,18.49,7.99,14.52,5.86,14.14,11.37,29.73,4.44,9.52,4.81,62.64,15.14,110.66,41.81,5.62,17.15,10.17,15.12,11.91,15.15,2.86,70.17,6.45,13.03,10.24,19.94,11.47,22.23,2.13,6.84,30.45,11.9,6.81,80.12,20.43,27.58,4.53,5.96,7.42,13.25,5.47,13.27,5.58,12.75,13.98,13.05,17.1,11.91,26.2,32.41,48.17,6.42,11.16,7.04,9.09,15.5,12.23,21.37,23.69,3.72,3.05
2019-10-31,52.89,7.52,64.14,20.92,39.3,78.67,60.04,13.81,15.18,19.33,54.76,10.95,15.0,17.86,6.94,4.22,74.63,14.03,10.32,14.32,10.43,5.6,2.32,5.17,14.54,12.15,18.17,4.64,16.01,28.56,17.54,68.26,6.31,27.71,18.99,7.38,13.58,5.99,13.96,11.48,32.41,4.74,9.39,5.05,52.09,14.97,120.78,40.37,5.23,17.45,10.22,14.49,12.26,14.95,3.1,58.69,6.62,14.19,13.26,18.61,12.88,22.16,2.18,6.17,29.09,11.61,7.1,77.99,20.2,26.69,4.67,5.11,7.77,13.4,5.58,12.97,5.35,12.5,15.14,13.15,17.8,11.79,27.33,34.27,45.4,6.24,10.5,7.12,11.79,15.8,11.78,22.33,23.12,3.81,2.88
2019-11-30,51.42,7.88,62.28,20.38,34.38,73.52,56.64,13.25,15.29,18.63,53.38,11.51,14.6,16.82,7.27,3.85,80.99,13.99,10.24,13.86,9.55,6.45,2.41,4.83,13.68,11.45,17.23,4.4,16.07,28.02,17.62,68.7,6.31,26.1,18.35,7.21,12.96,6.14,15.71,10.85,31.6,5.16,9.55,4.66,41.87,16.5,119.47,38.93,4.95,17.24,9.6,14.24,12.52,14.6,3.1,55.0,6.58,14.42,9.36,18.13,12.05,21.55,2.24,6.55,23.98,11.72,7.25,77.99,20.37,25.35,4.35,5.96,8.59,14.4,5.52,12.44,4.89,13.97,16.52,14.17,23.0,10.94,27.33,34.18,46.17,5.96,9.7,7.21,11.79,16.9,11.42,19.65,21.32,3.61,2.76
2019-12-31,51.11,8.1,58.07,21.06,35.96,71.1,45.72,12.72,15.58,18.71,56.53,11.59,16.0,16.5,6.84,3.98,72.96,13.84,10.83,13.9,9.79,6.56,2.32,4.57,13.76,11.15,17.1,4.4,16.07,25.31,16.51,67.45,6.38,27.2,18.61,7.6,13.29,6.24,16.08,10.06,32.0,5.18,9.22,4.54,33.83,14.53,116.21,28.06,5.57,16.38,8.94,13.64,12.36,13.9,3.53,47.9,7.6,13.77,9.36,18.35,12.25,21.17,2.15,5.98,24.25,11.66,7.68,85.46,21.38,24.6,3.98,5.87,8.15,15.95,5.47,12.68,5.45,14.94,16.19,14.47,28.0,9.85,26.0,32.55,46.56,6.25,9.34,7.36,10.03,17.7,13.14,19.58,21.37,3.8,2.92
2020-01-31,51.02,8.31,53.61,18.79,34.95,66.22,40.54,12.69,14.48,17.47,55.41,10.88,14.8,13.53,6.9,3.64,64.93,13.88,10.76,13.64,7.8,6.37,2.12,4.15,12.81,9.85,16.61,3.94,15.12,23.79,17.98,73.35,5.7,23.94,17.93,6.66,12.87,5.19,15.57,9.22,32.0,5.4,7.57,4.67,36.73,16.59,124.04,26.7,5.21,14.6,7.53,12.75,12.93,13.5,4.27,44.75,6.51,15.16,8.03,17.31,12.05,21.08,2.63,6.27,24.89,11.78,6.78,59.67,21.32,20.13,3.7,5.45,8.15,16.9,5.56,12.74,4.69,14.52,16.87,13.77,26.0,8.92,24.0,30.74,46.15,5.96,10.04,8.52,9.72,18.0,12.69,19.3,21.43,3.38,3.31
2020-02-29,46.85,7.71,46.98,19.91,33.59,63.78,39.65,12.1,14.22,17.58,53.7,10.5,14.7,13.42,6.84,3.27,58.23,16.2,10.74,13.75,8.0,7.49,1.93,4.27,11.71,8.7,15.91,4.03,14.94,22.9,15.78,70.77,5.49,21.27,16.92,6.91,12.19,4.83,15.93,8.99,36.78,5.04,6.81,4.98,41.08,17.65,126.0,34.67,4.86,13.87,6.83,13.05,13.1,13.4,4.24,47.08,6.18,13.29,11.79,15.82,11.8,19.52,3.08,5.7,23.09,11.46,6.41,76.23,21.26,18.64,4.28,5.36,8.05,17.0,5.33,13.56,4.63,14.54,15.4,14.82,21.0,9.58,24.0,29.29,44.48,6.06,8.89,8.65,10.03,18.5,11.96,14.48,20.66,3.3,2.88
2020-03-31,37.07,5.81,33.96,14.85,18.58,55.54,39.65,9.07,10.72,14.76,30.83,8.32,14.6,10.59,5.44,2.55,34.81,9.5,10.29,10.65,5.23,5.68,1.26,3.73,7.07,5.0,12.66,3.89,14.64,19.01,13.28,58.23,4.0,14.06,13.53,5.7,11.51,4.83,12.72,5.5,35.97,3.02,4.31,3.5,29.64,12.84,131.23,24.24,4.19,10.26,4.9,10.77,13.1,12.2,2.25,37.19,3.82,12.47,8.69,16.61,8.2,18.43,2.07,5.89,16.63,10.21,4.89,95.0,19.22,17.15,5.34,5.7,7.65,15.35,4.64,12.68,3.32,13.19,13.67,11.35,18.0,7.29,24.0,16.0,38.59,5.15,5.69,8.03,10.66,17.8,11.78,10.55,16.44,1.94,2.03
2020-04-30,40.84,7.41,39.29,18.35,25.77,60.42,47.58,10.23,12.14,16.22,38.22,9.52,15.3,13.17,7.49,3.6,50.2,10.29,11.07,13.07,6.68,7.03,1.74,5.95,9.12,6.78,15.21,5.03,15.48,26.42,14.57,68.77,4.61,20.37,15.22,6.22,14.19,8.4,12.79,8.13,34.03,5.12,5.4,4.9,41.34,16.2,138.34,33.2,5.29,13.07,7.02,13.61,13.46,12.9,3.31,43.72,5.37,13.64,12.08,16.33,10.57,21.74,2.87,5.98,19.33,11.03,5.46,61.05,19.76,20.8,7.1,4.85,8.1,15.7,5.11,13.27,4.17,13.89,16.72,13.97,21.65,9.58,24.6,20.81,44.56,5.99,7.64,8.2,10.66,16.4,11.96,12.75,20.22,2.64,2.57
2020-05-31,43.11,9.45,46.11,20.29,26.68,70.19,50.74,11.48,12.75,16.9,42.38,10.54,15.0,13.88,10.32,4.56,52.28,11.15,12.84,14.2,7.63,8.69,2.12,5.97,9.9,7.85,28.0,5.2,15.0,27.9,14.17,70.23,5.15,23.05,15.7,6.66,15.08,12.53,12.94,9.56,35.97,6.94,5.96,5.33,50.11,16.41,141.67,37.39,5.83,12.71,7.51,13.98,13.31,15.35,3.93,47.01,5.7,13.29,13.26,18.51,12.09,20.79,2.81,5.7,19.49,11.08,5.94,72.49,22.34,21.97,7.54,5.11,8.05,15.0,5.98,13.97,4.49,14.85,16.19,13.52,20.4,9.66,22.42,22.14,46.79,6.54,8.79,8.28,11.12,17.0,11.51,11.37,20.37,3.05,2.58
2020-06-30,39.56,9.24,42.76,19.32,25.48,69.68,43.78,10.88,13.44,16.58,38.55,10.39,15.2,13.17,11.08,5.2,76.98,9.99,11.25,14.39,7.56,9.05,2.51,5.99,9.35,7.39,24.96,4.92,15.65,30.36,13.32,69.62,4.95,24.08,16.91,6.75,16.62,13.47,12.86,8.39,34.43,7.97,5.82,7.57,45.89,17.11,138.41,36.51,5.48,14.17,6.91,13.98,13.46,15.3,3.65,42.94,5.18,13.44,12.16,22.27,10.98,18.76,2.9,5.89,22.11,11.05,5.64,68.68,21.94,19.85,7.66,5.62,7.8,14.2,6.0,15.03,5.35,14.92,15.2,13.49,20.55,9.35,25.89,23.33,43.08,6.24,9.63,8.55,11.46,16.9,12.69,9.86,19.84,3.07,2.79
2020-07-31,38.89,9.15,42.58,18.83,23.5,66.16,40.87,12.17,13.24,17.55,34.66,9.3,14.6,12.96,9.76,3.8,76.98,9.87,11.25,15.25,5.93,7.57,1.93,5.55,8.41,6.66,26.33,4.8,15.42,29.26,12.77,70.06,4.61,23.39,17.26,6.69,14.94,13.71,12.13,8.02,35.65,6.62,5.13,7.84,44.05,17.3,137.1,36.73,6.4,13.05,6.17,14.42,13.49,11.95,3.17,39.44,4.87,17.6,12.53,19.52,10.29,16.59,2.89,4.94,21.23,10.45,5.64,54.94,21.56,18.04,5.59,5.11,7.95,14.9,6.03,14.39,4.26,14.54,17.73,12.9,19.2,8.46,25.89,21.67,46.24,6.12,10.26,9.99,10.57,18.2,10.69,8.69,21.01,2.89,2.4
2020-08-31,40.0,10.35,48.17,21.4,29.46,74.81,44.51,14.6,15.12,19.96,40.3,10.28,15.4,16.08,12.73,4.26,73.63,10.73,13.21,17.17,6.54,8.71,2.41,6.53,9.9,8.33,32.62,6.1,21.09,33.37,13.58,81.13,4.88,26.14,19.05,7.13,16.46,13.74,12.35,9.87,38.32,7.87,6.37,9.27,52.21,18.96,142.13,41.5,6.95,15.97,6.96,16.05,14.32,12.2,3.82,44.56,5.8,16.39,13.26,20.88,12.74,19.57,3.37,6.55,22.96,11.59,6.61,67.46,25.19,21.73,6.4,4.59,8.64,14.95,7.3,13.77,5.37,15.23,19.27,13.18,20.5,9.74,25.89,24.93,44.54,7.27,11.94,9.54,10.91,18.0,14.32,9.95,24.21,3.47,3.46
2020-09-30,40.67,11.13,46.35,21.61,32.9,82.08,44.18,15.55,15.06,21.74,40.9,10.65,16.0,17.73,13.92,4.56,67.27,11.07,18.02,18.36,6.82,9.03,2.61,8.33,10.69,8.56,33.54,6.58,23.96,36.29,13.25,81.13,4.95,30.05,19.47,8.4,17.14,14.85,16.01,10.86,46.47,10.9,7.38,11.03,47.42,19.22,135.66,42.83,7.7,15.83,7.93,16.29,16.38,11.8,4.28,51.36,6.07,15.8,12.53,20.38,12.79,19.24,3.67,6.36,22.42,11.87,8.37,93.68,26.53,21.89,6.21,6.13,8.35,14.8,7.85,14.33,5.71,16.27,20.02,13.29,19.4,9.82,25.89,27.26,46.49,8.26,12.42,9.54,11.6,18.4,13.5,11.05,25.97,4.98,3.42
2020-10-31,47.33,12.88,45.77,22.26,33.48,81.4,67.97,12.49,15.52,22.66,46.68,10.39,15.8,17.36,13.21,4.54,58.77,11.35,19.14,18.4,7.76,9.29,2.41,8.79,10.22,8.04,31.61,6.01,23.9,33.93,12.76,78.44,4.61,29.36,20.57,10.55,18.14,13.13,14.11,10.11,52.37,10.44,7.22,10.8,38.65,19.66,153.26,40.48,8.99,15.01,7.87,16.08,16.15,10.95,4.2,50.73,5.92,16.01,12.16,21.05,12.38,17.49,3.45,5.98,22.39,11.96,8.41,84.76,26.12,21.26,5.63,6.04,8.25,14.05,7.47,14.18,5.45,17.13,20.42,12.68,18.7,9.25,25.89,25.63,51.43,8.26,12.71,8.69,11.46,18.0,12.41,10.46,27.57,5.12,3.08
2020-11-30,46.18,14.96,54.28,23.95,37.1,81.55,66.36,13.45,16.61,26.28,52.32,11.89,17.5,20.58,15.38,4.52,57.57,13.94,20.66,21.16,9.38,10.39,2.51,8.79,12.34,9.59,33.04,6.34,24.92,38.05,13.39,79.59,4.95,31.73,21.78,12.34,18.95,13.27,13.81,12.8,54.86,12.53,8.14,15.58,43.99,21.54,156.17,46.57,10.54,15.46,9.27,16.15,18.99,14.7,6.07,55.78,7.1,15.83,11.86,22.25,13.8,19.47,3.64,7.22,23.92,11.99,9.65,80.3,26.44,21.73,6.13,5.96,8.25,14.15,13.01,14.68,6.61,17.32,26.01,13.4,19.0,10.78,25.89,28.74,55.64,8.75,18.96,9.27,10.91,18.0,14.23,12.15,29.87,6.37,3.4
2020-12-31,48.09,17.47,56.3,25.55,38.03,82.01,72.8,14.8,18.19,26.47,54.82,18.3,22.0,24.14,17.23,5.25,58.77,16.18,25.73,21.4,10.77,10.87,4.06,10.35,14.94,12.0,34.91,6.95,27.54,39.11,16.61,79.98,8.48,29.72,22.66,15.25,19.72,17.75,13.74,17.05,57.36,15.42,9.08,17.34,53.24,22.54,164.23,48.13,12.08,17.86,10.78,17.43,18.84,14.55,7.83,62.74,12.65,16.03,12.53,21.44,15.39,32.8,4.51,7.98,24.98,12.18,13.72,111.52,26.31,22.75,9.06,7.49,8.3,15.2,13.05,14.73,8.44,17.86,27.72,13.92,25.2,12.22,23.85,30.48,57.99,9.2,27.77,8.87,11.46,18.0,15.59,14.64,29.43,9.61,4.54
2021-01-31,44.18,16.5,49.6,27.1,42.44,78.2,70.01,13.15,19.81,27.58,56.24,27.64,18.9,22.07,16.76,4.83,55.82,13.9,27.88,27.31,13.23,13.17,4.44,9.42,13.94,13.11,36.99,6.08,28.86,37.24,16.18,77.67,6.65,27.28,24.96,14.79,18.9,14.91,13.6,16.87,54.86,16.26,10.38,14.0,50.7,22.54,174.33,44.62,12.79,15.27,8.06,16.61,18.26,11.2,8.09,53.97,11.9,15.91,12.53,21.77,14.77,24.1,4.21,11.68,25.55,11.41,13.2,111.52,24.94,19.85,7.7,6.21,8.0,15.45,11.96,14.12,7.5,18.93,27.49,15.05,27.0,11.11,23.17,31.66,55.56,8.94,44.18,11.05,10.44,18.3,17.13,12.66,27.83,9.69,4.74
2021-02-28,48.45,19.22,58.05,32.94,43.17,79.72,73.94,13.88,19.81,30.66,57.46,29.25,21.4,24.81,21.92,4.7,68.88,16.76,31.47,29.78,15.87,15.6,4.83,9.98,18.89,17.33,45.48,6.46,29.42,40.68,16.53,77.29,7.32,28.57,27.8,18.04,19.61,16.34,13.75,18.54,69.83,18.45,11.06,19.14,50.64,25.47,175.06,46.6,13.36,15.86,8.99,16.6,20.25,11.5,9.22,62.02,16.21,16.03,14.59,23.11,15.43,26.06,4.55,13.11,25.45,11.44,15.3,111.52,26.25,22.04,8.65,8.08,8.2,15.5,13.37,14.44,7.58,19.74,35.28,15.76,27.9,12.13,23.17,37.5,56.56,9.29,42.4,10.41,11.05,21.5,21.75,14.27,29.77,8.78,5.37
2021-03-31,52.4,19.73,58.31,33.59,41.48,74.85,75.75,15.65,18.91,28.45,57.74,28.61,21.0,25.06,22.76,5.55,94.38,17.3,34.07,28.46,16.2,15.25,6.37,12.89,19.31,16.74,49.54,7.62,27.52,37.64,19.83,76.67,8.21,27.85,26.88,16.72,19.72,18.18,14.69,19.26,55.69,19.78,11.06,23.85,49.95,29.43,180.14,44.62,11.86,16.92,9.85,16.41,28.8,11.6,12.48,69.94,14.17,15.79,16.21,24.24,16.18,27.31,5.39,13.68,25.22,11.44,16.0,140.96,27.19,23.46,8.98,11.4,8.4,15.75,18.5,14.28,7.97,20.14,38.01,14.58,29.0,14.08,25.48,42.79,57.23,9.7,64.65,9.95,12.28,25.5,21.11,14.56,30.49,8.61,6.59
2021-04-30,58.22,24.49,54.28,34.97,45.06,71.12,80.25,17.49,21.83,28.99,66.97,28.09,19.9,25.32,23.54,5.44,79.52,15.45,43.09,28.9,15.83,18.32,5.89,11.82,16.87,14.19,48.31,7.31,29.35,38.29,15.75,76.75,7.05,26.49,27.88,16.2,19.61,16.81,15.07,17.3,52.2,22.11,10.51,22.56,43.99,29.07,180.07,40.72,10.97,16.17,9.36,15.67,26.61,11.5,13.58,64.76,13.6,14.83,13.63,23.56,14.42,24.61,5.1,13.77,24.27,11.56,14.67,61.56,27.55,21.14,8.0,9.19,10.57,16.7,16.16,14.09,7.69,18.89,41.51,16.15,30.8,13.96,25.89,40.62,57.89,8.6,59.26,9.67,12.28,20.5,24.38,13.61,30.36,8.13,5.88
2021-05-31,52.22,30.21,53.7,42.32,44.29,68.84,90.16,17.46,24.5,31.48,68.95,24.98,18.8,27.43,27.8,5.13,90.36,15.37,47.26,24.71,18.9,20.12,6.28,12.41,21.66,16.15,53.31,7.25,28.99,38.48,15.4,75.3,6.85,28.71,30.31,19.32,25.44,19.06,15.54,19.66,51.45,30.57,11.71,24.48,42.48,29.11,169.24,41.56,11.45,17.55,10.4,14.12,23.69,10.5,17.21,69.08,15.85,14.38,16.58,23.25,13.49,24.99,4.97,13.58,24.66,11.38,19.45,107.06,30.11,20.5,7.34,10.47,9.83,17.5,18.38,13.29,8.35,20.34,46.38,14.8,48.5,12.94,25.41,42.1,59.36,8.75,53.28,9.21,14.19,22.0,23.29,14.2,30.39,7.82,6.2
2021-06-30,52.89,29.53,62.37,44.2,48.61,69.62,91.22,18.14,25.65,31.2,68.4,28.8,20.6,31.84,31.64,5.9,86.68,16.22,57.33,24.83,16.2,22.2,7.63,15.52,24.18,16.3,58.31,9.13,30.52,39.28,14.82,76.5,6.71,32.66,30.31,18.18,28.59,21.72,17.09,19.48,46.38,32.09,13.62,26.22,44.33,32.56,174.4,43.24,13.29,17.53,14.81,15.16,27.92,10.8,18.54,79.77,17.14,14.44,13.41,23.25,14.11,26.15,5.19,13.77,25.45,11.72,24.09,81.19,29.25,21.3,7.49,13.1,10.03,17.8,18.39,13.83,11.02,24.37,47.79,15.91,46.0,16.54,25.06,46.18,63.92,9.2,55.88,9.67,13.82,21.8,23.2,14.22,33.34,7.9,7.81
2021-07-31,47.65,27.12,60.09,47.21,52.48,66.31,110.67,18.72,27.8,29.74,65.47,25.84,19.5,34.14,37.03,5.01,83.8,14.33,56.77,25.2,14.55,24.25,8.11,15.58,20.82,13.45,58.88,10.1,27.03,37.23,12.49,74.9,5.83,29.5,33.97,18.14,28.09,18.9,16.55,23.76,47.46,28.57,12.0,30.1,43.17,29.59,183.05,38.05,14.93,19.95,11.91,13.68,31.93,7.75,17.6,87.03,13.84,14.14,12.97,25.26,13.75,24.9,4.45,11.87,26.03,12.04,27.66,80.3,28.79,20.34,6.36,12.17,10.92,17.7,17.97,13.77,9.54,24.08,47.7,14.98,40.1,13.7,26.31,50.61,64.6,9.99,47.02,8.61,13.82,20.9,26.28,13.84,33.28,7.22,8.09
2021-08-31,47.05,28.26,59.95,46.9,53.41,67.31,111.5,19.92,27.15,35.69,58.77,31.95,20.3,39.18,45.76,5.1,89.63,17.45,53.95,29.63,14.99,24.71,8.69,19.29,21.74,14.41,57.19,14.55,26.6,35.57,13.73,89.23,6.31,35.57,33.81,24.73,29.27,21.28,21.45,25.14,49.88,30.56,14.66,35.29,48.24,30.24,176.51,40.49,14.84,24.81,13.6,15.23,29.22,7.11,24.09,89.08,15.54,15.28,16.06,25.58,18.96,27.21,4.79,13.01,29.55,12.71,30.58,72.36,30.61,20.26,6.44,17.87,14.55,26.3,23.15,14.28,10.14,28.21,48.97,16.63,43.6,15.06,28.54,54.41,85.48,15.05,43.68,9.07,20.46,20.0,32.71,15.38,38.36,9.07,10.02
2021-09-30,44.0,30.33,65.05,47.2,61.5,70.2,117.77,19.05,28.41,35.26,67.45,32.62,22.0,37.66,58.51,5.06,88.69,16.26,50.21,27.85,14.83,23.86,10.04,20.41,24.65,16.89,55.57,14.55,25.61,34.97,13.77,79.94,6.99,37.11,32.61,21.97,28.54,20.45,21.52,25.85,41.56,35.62,14.98,48.31,47.36,29.79,182.17,40.11,13.51,27.63,12.41,15.99,40.73,7.22,27.73,94.51,15.29,14.05,15.03,27.38,20.45,27.02,4.95,16.05,28.28,12.84,34.16,53.65,32.75,21.62,7.09,25.44,14.49,26.1,22.56,15.37,11.53,28.42,47.7,16.26,35.8,15.08,26.4,59.59,76.01,17.31,40.15,10.41,13.89,19.7,30.9,21.91,38.36,8.64,13.71
2021-10-31,47.9,32.74,83.49,49.18,63.23,71.06,124.63,23.05,34.84,40.45,71.07,36.49,26.9,39.71,59.25,5.15,166.0,16.99,58.92,34.18,18.75,23.78,12.55,25.69,26.39,20.78,55.19,19.37,26.24,39.74,17.42,83.06,8.34,45.23,45.08,36.07,33.21,21.45,24.79,29.42,42.73,36.31,16.18,46.2,50.01,30.12,185.22,46.6,15.74,29.61,15.51,18.21,46.05,7.5,34.09,94.07,18.34,14.14,15.4,28.75,21.82,31.27,6.68,18.43,28.63,14.18,49.47,60.92,36.74,22.26,8.57,23.74,18.33,26.45,26.09,17.64,13.7,33.13,53.74,16.51,37.4,16.52,28.61,60.55,76.1,16.76,48.08,19.25,14.12,20.4,29.9,22.68,41.68,10.63,13.99
2021-11-30,52.5,28.06,65.92,49.29,66.84,68.63,123.22,40.36,31.73,38.13,66.9,37.5,29.7,37.81,63.36,8.23,175.98,18.92,57.45,44.45,25.39,29.73,16.13,29.32,22.13,20.15,55.47,19.93,31.85,39.74,23.05,82.42,27.47,43.93,48.46,48.55,37.23,27.89,22.22,32.99,41.56,30.29,15.89,52.51,55.64,29.83,178.69,56.46,17.56,29.14,15.36,17.31,55.0,8.82,26.94,88.64,17.22,14.14,18.79,27.44,23.54,38.99,9.15,17.0,33.98,14.31,42.23,108.2,36.6,22.82,11.2,25.1,29.64,33.05,25.34,17.02,18.52,33.05,53.62,16.26,44.9,16.18,26.04,54.51,78.63,16.33,47.09,18.93,14.56,20.7,30.72,19.68,41.0,12.2,12.77
2021-12-31,47.55,26.6,64.51,47.2,65.4,67.69,141.45,36.54,34.84,37.37,66.15,45.6,27.0,35.91,62.39,13.3,149.13,20.0,58.43,44.03,27.18,31.66,20.08,28.31,23.78,21.97,51.47,19.77,32.61,39.68,36.0,90.43,48.09,46.47,55.75,68.53,34.68,26.01,22.3,35.57,39.98,28.65,16.23,50.43,76.16,31.75,186.2,58.1,17.07,28.2,14.82,20.42,45.33,12.25,24.28,87.26,17.19,13.54,19.82,27.03,20.66,37.15,9.74,15.86,31.12,15.22,44.09,68.2,37.77,22.18,15.65,22.63,31.2,29.0,30.77,16.96,19.77,30.53,51.15,17.04,39.8,19.4,25.04,52.91,77.11,13.95,40.39,23.72,13.82,19.5,28.27,19.22,40.94,12.99,13.12
2022-01-31,48.5,24.19,73.1,45.43,63.76,66.19,118.29,31.82,34.15,37.32,71.51,40.28,24.4,32.65,53.84,11.8,124.5,16.99,55.73,40.06,26.28,31.47,20.76,20.83,23.61,22.59,51.47,16.29,26.36,41.62,21.73,82.34,42.05,45.14,43.42,52.16,40.06,25.47,21.95,32.63,37.41,23.25,14.28,42.74,68.85,31.42,194.62,63.89,15.32,25.57,12.11,17.35,44.66,8.99,19.68,77.71,15.1,13.11,16.65,27.87,17.47,27.99,8.3,12.82,28.74,14.72,36.66,76.65,41.95,22.82,12.05,16.51,29.47,30.0,29.54,17.68,16.48,27.38,44.83,16.01,40.2,15.84,28.61,57.35,78.41,12.07,40.89,18.56,13.44,18.4,26.46,17.45,39.54,10.98,11.44
2022-02-28,38.5,27.06,79.13,47.36,65.44,62.45,129.05,36.95,36.13,40.89,70.82,43.05,28.3,37.74,63.64,10.25,150.2,17.45,52.17,43.46,32.84,32.43,30.13,28.55,30.4,25.85,51.47,23.35,27.24,43.38,24.99,90.03,44.56,56.61,47.07,60.95,36.36,27.36,22.14,37.66,44.47,29.37,16.77,50.02,67.32,32.03,190.65,65.44,16.6,28.18,16.2,17.86,56.81,8.91,27.67,80.1,15.73,12.92,17.06,28.19,21.03,31.8,9.52,15.67,30.22,14.82,40.79,73.11,43.49,25.47,13.5,24.42,27.58,28.7,47.22,18.6,19.72,32.43,46.09,15.8,40.25,16.95,29.97,57.88,81.09,17.54,41.94,18.7,14.12,20.5,26.73,21.14,41.91,13.05,11.98
2022-03-31,40.6,25.86,72.63,54.31,70.16,64.44,117.63,34.83,36.06,44.18,76.41,39.83,32.3,44.34,88.96,13.1,160.65,18.54,54.93,53.64,36.18,36.87,33.7,33.14,30.23,25.34,51.28,27.11,27.12,41.55,23.74,88.99,43.41,70.15,48.98,65.56,33.7,26.72,22.53,37.98,38.07,26.81,17.31,57.8,67.18,30.61,183.98,65.85,18.07,32.27,19.48,18.94,73.07,10.1,29.55,87.63,15.7,12.71,17.61,32.03,22.09,30.64,9.3,15.01,32.29,15.38,47.8,72.47,44.0,24.26,15.35,24.42,28.83,31.8,52.95,19.02,19.17,35.84,45.81,15.59,35.2,17.96,32.11,64.13,80.92,20.5,46.78,18.27,13.74,27.7,27.37,20.14,41.7,18.33,14.19
2022-04-30,40.0,24.82,71.09,53.3,71.8,59.1,115.15,25.35,32.72,45.07,74.68,32.85,26.7,41.31,93.99,10.2,140.57,14.67,51.95,39.07,28.42,30.97,29.06,29.82,21.43,18.05,50.03,27.32,18.48,41.69,18.31,83.54,27.94,76.96,40.99,46.07,31.1,22.16,25.41,31.25,35.45,21.68,13.67,56.58,38.6,30.16,214.48,57.04,19.09,33.2,20.48,18.18,66.48,7.35,23.4,76.22,11.86,12.31,13.63,33.01,17.42,24.7,7.05,11.97,31.74,15.52,34.25,84.56,45.47,23.86,11.9,21.02,27.2,31.0,41.67,20.15,15.37,35.38,46.32,13.46,29.95,13.49,34.61,59.06,85.59,17.25,43.99,12.93,14.41,23.3,25.28,18.83,41.0,14.41,11.32
2022-05-31,39.4,19.89,78.93,55.78,69.73,57.11,111.58,21.35,28.72,56.93,79.45,33.38,22.6,42.37,87.24,9.22,111.78,13.52,45.84,34.81,21.47,28.11,29.93,28.74,26.74,20.36,60.16,24.16,17.97,41.46,17.23,77.59,29.98,76.07,41.98,42.81,26.46,18.53,28.83,27.89,34.75,17.46,14.41,52.1,37.83,28.34,187.55,53.78,18.64,30.84,23.5,18.94,54.39,6.47,18.77,69.36,10.93,12.55,12.01,30.12,15.76,22.05,6.39,9.78,30.62,17.89,28.31,84.56,45.32,21.14,10.25,19.14,24.66,30.25,34.51,20.22,12.55,32.94,41.53,12.68,27.05,12.1,38.03,61.12,80.84,16.04,37.3,11.73,14.72,20.8,24.47,20.37,40.03,13.31,9.71
2022-06-30,36.75,16.89,77.46,52.98,69.26,57.51,111.18,17.57,26.57,54.22,89.32,32.7,18.5,39.48,98.64,8.32,95.32,14.4,43.33,45.67,15.14,27.76,24.14,25.27,20.82,14.76,62.57,20.67,12.69,40.0,12.3,72.55,17.84,69.19,31.48,25.09,21.91,14.66,36.03,30.65,34.87,12.33,13.6,47.22,37.42,24.83,188.66,52.97,17.98,29.97,23.59,20.08,48.83,5.0,13.87,57.34,9.99,12.58,8.58,29.94,14.33,19.98,4.84,7.79,35.45,16.68,21.46,86.38,42.15,20.98,7.52,13.87,23.96,30.35,31.65,19.72,8.42,30.24,38.12,12.4,25.1,10.85,46.02,45.41,81.26,15.12,33.13,10.48,14.32,24.9,23.38,19.92,38.44,11.09,7.93
2022-07-31,32.0,16.29,74.05,51.32,59.09,60.0,106.1,21.16,28.18,47.3,79.24,37.7,19.5,37.96,75.61,11.15,70.95,13.9,44.0,53.13,19.26,27.14,28.58,23.95,20.03,14.98,67.96,19.62,16.32,41.53,15.52,76.26,21.3,60.97,34.42,33.12,25.92,17.81,31.47,34.44,38.2,12.98,12.73,43.3,41.94,27.76,185.88,54.52,16.16,30.17,19.03,21.05,45.33,6.49,13.87,56.19,10.85,12.25,10.76,31.27,14.93,22.05,5.51,7.6,36.09,16.68,26.98,79.11,44.86,22.82,8.01,16.0,26.23,28.85,28.45,19.83,10.83,29.48,37.52,12.73,24.9,11.76,41.83,45.48,75.76,14.34,31.17,11.3,14.17,24.8,21.93,21.96,38.59,11.38,8.24
2022-08-31,31.85,17.42,80.67,53.85,71.69,62.22,114.5,22.31,27.8,54.16,79.8,34.7,19.5,38.57,84.25,12.95,75.64,14.1,46.18,59.3,20.58,27.07,27.62,30.65,24.22,20.24,65.16,23.98,15.7,45.06,18.47,75.19,21.43,69.11,36.79,32.86,28.45,21.43,31.91,35.48,38.24,15.93,14.68,52.99,50.28,26.25,194.62,57.53,15.8,30.22,24.26,22.14,44.12,6.76,16.51,58.73,12.52,12.28,11.02,35.26,14.74,24.51,5.66,8.17,42.24,17.18,31.62,78.2,44.01,22.86,8.36,16.93,30.78,28.2,36.62,20.38,11.02,31.92,35.91,13.24,25.0,11.48,39.55,49.99,76.02,16.98,31.88,12.4,14.48,24.9,21.48,23.02,38.96,11.61,8.04
2022-09-30,27.5,16.06,75.78,50.05,62.0,59.58,99.0,17.48,21.08,48.43,74.38,29.0,17.7,36.45,65.71,13.25,68.27,12.51,42.75,45.42,15.76,24.71,21.24,27.55,20.89,19.36,60.79,20.61,15.49,39.93,15.01,70.65,14.72,62.82,26.64,25.68,24.62,15.97,29.31,26.5,41.03,13.6,13.2,47.59,40.13,25.88,185.17,44.9,15.69,32.29,17.45,23.03,39.59,5.62,14.26,50.56,9.17,12.15,10.02,33.23,13.27,21.52,5.16,7.22,39.02,17.79,23.47,83.74,40.6,21.23,6.63,13.1,28.8,26.9,27.27,20.6,8.46,27.59,34.42,12.0,23.85,9.5,35.6,39.09,83.45,13.61,30.78,9.86,14.48,25.2,19.94,22.61,38.07,10.94,6.97
2022-10-31,27.7,11.86,76.53,47.01,49.99,64.69,85.5,12.33,17.06,49.69,72.36,17.5,13.1,35.77,65.11,8.66,50.54,10.35,36.56,35.88,10.87,24.02,15.93,26.98,19.27,16.82,59.81,19.05,11.57,44.58,11.79,71.06,9.16,55.46,20.05,15.3,22.8,11.03,27.47,19.34,40.77,10.48,11.25,45.08,29.28,22.2,190.49,32.92,15.45,27.67,13.31,21.08,40.37,4.1,10.56,39.08,7.22,12.12,7.56,34.96,9.61,17.56,3.52,5.22,38.09,17.64,16.36,89.38,38.82,19.19,5.21,9.53,27.84,39.45,18.81,21.01,6.1,23.38,29.18,10.91,23.8,7.39,33.75,37.59,81.26,13.12,31.28,8.3,12.73,23.8,20.12,22.61,36.22,8.23,4.77
2022-11-30,34.8,13.94,75.91,46.39,42.72,68.24,102.0,13.76,20.59,46.55,79.51,21.15,11.2,36.89,51.57,9.05,47.26,10.74,11.42,32.39,9.94,17.14,15.45,23.79,19.09,15.45,59.81,18.0,11.32,43.34,11.13,71.06,12.34,51.66,25.06,13.66,22.21,10.92,25.22,20.57,40.98,10.34,13.54,32.7,24.34,24.83,198.51,34.72,14.01,29.05,10.09,22.57,40.25,4.55,8.57,40.54,7.36,12.41,6.91,34.4,9.81,14.96,3.53,4.94,34.95,16.47,21.46,105.32,38.9,16.74,4.77,7.91,22.04,40.95,15.7,19.54,6.32,22.44,23.22,9.67,23.7,7.25,32.14,32.74,84.42,11.03,33.13,7.2,12.73,23.0,18.85,21.71,36.81,7.0,5.67
2022-12-31,26.9,13.64,69.92,47.82,41.56,63.84,93.0,11.41,19.91,44.97,83.97,24.2,10.9,35.34,52.17,9.16,44.78,11.98,11.38,29.87,9.9,17.57,13.61,21.66,19.27,17.46,63.22,18.9,12.51,43.85,10.01,70.15,12.07,53.03,27.54,12.36,21.74,10.55,25.3,20.44,47.77,10.62,14.82,27.9,22.88,25.13,177.14,35.12,13.47,28.2,10.39,23.94,36.68,4.16,9.54,45.84,6.64,12.28,7.3,42.91,9.95,14.43,3.14,4.84,37.58,16.91,16.77,117.55,38.92,18.04,3.98,7.49,20.64,40.0,15.53,20.03,5.5,23.24,23.68,9.2,24.5,6.56,29.33,32.22,79.5,10.25,37.76,6.01,12.73,24.0,18.94,20.98,34.75,6.36,5.78
2023-01-31,28.55,16.74,73.23,51.92,45.05,64.68,101.1,13.48,21.04,46.92,84.81,25.9,12.6,41.25,53.41,9.52,46.19,12.19,11.59,34.68,11.57,18.53,16.22,22.89,23.05,20.54,60.11,19.23,15.85,47.5,11.91,78.0,16.68,53.87,25.95,15.13,23.03,12.57,29.31,22.27,47.77,14.25,14.41,32.52,27.33,24.0,188.27,40.55,13.47,30.39,14.72,23.9,37.81,4.6,12.39,45.35,8.13,12.06,10.54,44.69,13.8,16.79,3.75,5.6,38.91,18.11,19.84,84.64,42.38,22.45,4.45,8.81,23.22,40.9,20.69,20.82,6.45,24.78,27.87,10.44,24.3,7.89,30.53,36.02,84.42,11.37,35.62,6.36,12.73,23.8,19.03,21.55,36.27,8.1,7.63
2023-02-28,26.3,15.15,71.3,50.05,38.75,63.34,82.0,10.58,19.12,43.28,72.31,21.25,10.8,38.06,44.38,7.45,43.84,12.07,8.45,29.78,7.76,17.18,13.9,19.21,23.41,20.73,53.88,16.97,13.93,43.7,10.05,79.57,13.7,42.55,22.84,11.67,21.67,9.8,30.99,19.14,47.69,13.37,13.03,26.97,23.4,20.87,206.54,35.92,13.3,28.62,14.05,23.82,37.04,4.14,11.02,40.79,7.71,12.91,9.46,40.76,13.46,15.05,3.53,5.03,38.24,18.25,17.46,52.19,44.5,21.64,3.89,7.46,20.64,40.9,19.12,21.53,6.51,22.44,26.78,10.76,26.4,8.35,39.77,32.29,81.29,9.43,35.98,5.84,12.73,23.4,17.22,21.71,38.09,6.86,7.33
2023-03-31,27.5,15.76,70.27,49.18,37.34,62.41,77.8,11.41,20.74,43.15,73.06,24.25,10.3,40.09,45.44,7.33,46.19,11.9,10.46,29.43,9.74,16.6,15.35,19.58,22.87,19.85,59.23,16.15,14.76,42.68,11.33,76.59,15.06,40.57,23.81,11.67,21.19,10.32,31.39,19.82,50.29,14.8,13.94,21.21,30.39,19.64,173.89,35.79,13.1,28.13,13.98,24.75,35.58,4.37,12.0,41.11,8.28,12.54,10.43,47.29,14.52,16.12,3.62,4.84,36.4,18.48,18.59,101.56,41.67,22.92,3.95,7.64,21.16,46.95,18.8,21.45,6.8,22.44,28.95,10.22,22.95,8.92,38.97,33.18,80.31,9.56,36.2,5.8,12.73,23.0,17.13,21.06,38.16,6.67,8.14
2023-04-30,26.05,16.4,63.93,48.19,37.97,58.72,73.1,12.1,22.39,42.45,72.4,25.8,14.2,40.94,46.5,7.62,49.47,14.05,11.84,29.47,10.48,16.02,15.55,19.37,22.78,20.49,62.15,16.29,13.89,56.56,11.21,87.42,17.16,45.81,29.68,16.17,23.57,10.96,33.23,21.94,50.29,14.25,13.74,25.35,41.03,21.66,162.85,36.77,12.5,29.33,14.9,27.11,35.03,3.72,11.33,41.11,8.85,13.77,9.96,45.45,13.22,17.95,3.82,4.84,40.16,18.25,20.27,92.16,42.93,21.98,4.08,7.55,21.38,55.0,22.96,22.0,7.62,22.66,28.95,11.16,23.5,10.08,40.17,33.68,80.4,10.76,38.08,6.08,13.53,23.3,16.67,21.06,37.78,7.07,7.87
2023-05-31,26.0,16.06,63.93,52.29,37.97,55.45,72.0,14.22,22.31,45.14,66.67,28.05,17.3,39.0,48.39,8.18,82.4,13.68,12.21,35.96,11.57,17.37,17.86,19.86,27.91,23.67,62.25,15.47,15.16,62.2,13.66,93.85,18.31,44.52,28.61,18.46,24.12,14.96,34.13,23.89,50.29,14.16,14.31,26.16,44.51,22.96,160.07,42.34,13.03,28.8,15.2,28.36,32.84,3.95,12.07,46.41,9.36,15.79,11.4,46.07,14.52,17.76,4.37,5.89,42.66,18.85,21.23,89.34,41.67,21.56,6.64,9.08,23.51,49.3,23.89,22.04,8.13,24.73,30.13,11.27,23.15,10.95,35.62,37.26,78.52,11.09,36.42,7.09,17.62,23.2,19.03,21.8,39.15,7.93,8.23
2023-06-30,25.5,19.81,64.07,53.47,41.95,59.56,75.2,17.8,23.14,47.86,71.11,29.35,16.7,40.4,57.6,8.15,85.68,13.77,14.05,38.58,11.53,16.18,18.64,21.58,29.17,23.96,60.88,16.85,16.64,72.02,14.12,109.54,16.14,49.38,29.5,18.2,25.84,15.93,38.19,25.2,43.42,15.57,15.59,30.74,47.92,25.46,156.09,41.36,15.78,32.57,16.51,25.69,37.11,4.07,13.44,51.0,9.75,24.4,12.65,76.77,15.57,19.01,4.51,5.89,44.72,18.77,20.3,126.95,43.8,21.13,8.23,9.17,21.13,47.3,25.46,22.47,7.96,25.53,30.28,11.56,24.0,10.37,39.76,38.19,84.27,12.4,40.68,7.02,20.26,29.0,20.93,21.23,44.81,8.76,8.02
2023-07-31,27.55,21.36,69.99,61.92,52.52,65.43,87.3,20.75,28.18,49.18,78.7,33.0,16.9,45.69,65.01,8.88,90.03,14.45,18.15,42.93,14.75,22.9,20.37,25.91,30.97,25.62,63.22,19.16,20.55,76.38,16.06,104.85,17.87,57.36,35.76,22.48,28.73,18.59,39.0,27.02,44.92,18.22,15.89,39.98,50.01,29.76,159.11,46.53,15.32,34.58,17.07,25.26,39.61,4.18,15.35,53.19,11.36,24.76,13.31,87.2,16.2,22.39,5.39,7.31,44.87,18.65,26.79,91.69,46.19,21.73,10.35,10.07,20.64,47.1,27.64,23.04,8.85,27.07,30.72,11.04,23.9,11.67,39.76,42.96,80.3,13.69,37.36,7.81,20.26,23.6,22.38,20.69,50.0,9.71,9.87
2023-08-31,31.05,20.91,70.38,70.77,52.62,67.44,81.5,22.73,27.8,46.1,76.33,34.45,16.1,48.8,79.0,9.18,83.67,14.73,20.75,43.48,17.28,23.17,25.3,27.79,31.96,24.94,65.07,19.37,23.06,68.67,17.38,100.59,23.67,58.8,34.78,24.77,26.46,18.55,39.09,25.23,46.22,18.93,15.62,42.79,43.89,28.72,154.74,45.37,15.04,35.68,15.98,23.98,39.82,4.15,15.03,56.9,11.5,20.34,12.65,73.65,14.32,21.18,7.07,6.84,44.18,18.77,26.32,89.34,44.88,21.13,12.5,9.96,20.48,49.3,29.0,24.1,8.63,29.31,30.74,10.7,23.4,10.37,37.36,46.42,78.58,13.86,35.84,7.64,18.85,23.8,21.93,21.04,51.4,8.97,15.05
2023-09-30,23.42,19.92,77.69,67.92,51.44,64.32,76.3,19.14,24.53,46.39,74.72,32.1,18.3,53.22,84.42,7.72,82.73,13.32,20.04,42.92,14.68,23.9,23.66,29.35,34.75,25.23,62.44,19.35,19.27,67.03,14.98,99.73,19.32,59.94,31.29,21.7,25.08,16.38,37.5,22.91,44.14,18.93,19.28,42.79,44.33,28.38,148.15,43.91,14.01,33.7,16.58,22.18,39.89,3.8,15.39,53.95,10.17,18.75,13.06,68.97,13.12,19.64,5.92,6.46,42.2,18.77,22.33,89.34,46.76,21.13,11.55,10.33,19.5,46.8,27.7,24.02,7.4,28.93,34.03,10.4,22.65,8.97,41.0,46.82,76.32,16.16,34.43,6.58,18.85,22.0,21.57,21.04,53.21,8.31,13.86
2023-10-31,20.25,17.42,65.61,60.74,36.87,58.94,58.2,15.92,23.64,38.61,68.99,25.5,13.5,47.36,71.33,8.03,74.9,11.82,17.53,39.17,12.93,22.01,16.03,24.2,30.27,23.03,61.76,14.89,15.16,61.18,11.02,85.24,17.87,47.86,27.09,17.47,25.36,13.5,36.72,20.51,44.14,16.09,14.95,31.6,46.92,25.48,148.55,38.72,11.48,30.67,11.73,20.51,36.37,3.35,13.63,42.4,8.04,18.57,10.53,62.86,10.72,16.89,4.91,5.6,38.85,19.25,21.54,94.04,48.03,22.74,9.5,8.08,19.33,48.5,21.05,24.41,5.8,27.09,28.6,9.63,22.4,7.68,40.59,42.0,73.61,12.49,32.9,6.09,18.85,21.6,22.11,24.72,51.07,6.61,11.74
2023-11-30,20.88,20.11,65.53,67.26,37.65,58.42,60.5,19.78,25.79,41.91,77.14,31.1,14.3,56.35,85.32,11.15,80.12,12.0,22.75,50.41,15.53,27.92,19.22,28.68,35.4,27.38,58.26,17.28,18.11,72.57,13.44,88.4,19.59,50.14,33.08,21.36,25.84,18.48,38.79,22.46,43.88,20.31,17.85,37.94,57.49,24.37,146.88,43.68,13.43,34.48,13.93,21.77,37.22,3.97,17.92,48.73,9.33,20.34,12.53,62.23,12.13,18.34,5.87,6.2,38.47,19.49,23.6,86.67,53.44,21.49,11.15,8.92,19.41,52.0,24.2,25.44,6.92,27.09,29.59,10.75,22.75,8.71,38.93,46.26,70.27,14.29,33.64,6.4,19.38,22.4,21.3,24.63,53.46,7.48,15.56
2023-12-31,22.3,21.17,64.67,70.33,41.86,59.03,67.0,21.71,25.95,41.69,82.41,31.75,14.5,56.59,88.05,13.2,73.16,12.0,23.3,50.78,15.87,26.8,19.51,29.04,34.85,27.67,61.27,17.46,19.71,87.2,13.68,88.65,20.59,56.52,32.77,23.13,28.35,20.5,41.2,22.46,45.93,21.59,17.99,39.3,63.8,25.17,150.29,46.04,14.16,39.19,14.83,22.18,40.66,4.7,19.2,48.03,9.75,20.34,13.68,59.39,11.93,19.49,6.79,6.4,38.85,21.04,23.68,81.19,60.66,22.21,10.05,8.92,20.07,48.9,27.6,26.68,7.4,29.02,29.2,11.54,25.0,9.07,30.47,47.38,80.39,15.38,33.27,6.56,20.0,22.0,21.3,24.28,61.6,8.6,17.4
2024-01-31,21.25,21.02,64.59,70.04,44.01,58.51,64.4,19.78,25.54,41.11,87.68,30.25,13.8,54.66,84.32,14.2,103.75,12.18,23.42,48.38,15.17,26.25,18.54,28.37,33.66,26.94,60.48,17.17,20.39,86.28,14.35,90.36,19.41,58.08,34.42,23.43,31.22,19.71,42.86,21.32,54.36,21.68,17.68,40.65,62.59,27.17,145.69,47.43,14.8,35.95,14.28,23.27,41.2,4.47,18.85,51.43,10.45,23.38,13.64,62.1,12.48,20.41,7.25,6.4,36.3,21.66,22.41,62.94,65.92,22.74,8.7,9.86,22.2,48.75,25.4,27.41,7.1,30.26,32.51,12.14,24.5,9.7,41.47,44.42,75.84,20.1,32.82,6.3,20.0,19.6,21.3,24.81,57.74,8.55,16.9
2024-02-29,22.5,23.48,66.3,79.77,45.18,62.87,70.4,20.52,28.64,44.92,86.62,31.0,14.4,61.0,104.46,12.8,100.34,12.09,24.26,51.24,14.96,29.11,18.54,30.25,33.75,30.22,62.46,18.22,19.47,97.81,14.67,92.92,20.14,69.08,35.41,23.6,33.73,22.37,45.89,21.61,51.85,21.54,18.26,41.93,61.85,29.44,147.83,51.6,16.24,35.99,16.5,23.22,49.69,4.12,18.66,56.67,11.53,25.0,13.59,71.07,13.18,22.63,8.01,6.3,35.69,24.07,22.41,82.15,70.54,23.64,9.13,10.8,23.67,47.85,25.0,28.52,7.19,31.96,32.13,12.18,24.6,10.85,41.9,47.47,75.84,21.79,35.23,6.58,20.0,20.8,24.01,26.03,59.28,9.59,18.11
2024-03-31,23.82,22.92,68.7,85.26,49.98,59.8,74.2,22.91,31.24,46.83,95.33,34.95,15.8,63.97,115.1,13.05,140.57,11.27,26.64,54.02,16.28,28.19,18.73,31.51,35.95,31.64,61.77,18.77,20.35,91.96,15.47,99.22,20.77,73.69,38.76,27.84,30.86,24.24,45.07,23.8,52.48,22.39,19.52,49.67,67.69,30.55,190.65,59.2,16.71,35.99,16.57,23.12,49.69,4.2,19.98,62.96,12.35,24.28,13.64,71.64,13.28,23.98,8.85,6.3,38.09,24.53,25.34,77.83,67.52,23.01,12.6,15.5,24.33,48.6,29.0,29.53,7.6,39.12,33.55,12.14,24.1,10.76,42.89,54.31,77.5,24.3,37.03,6.63,20.0,20.5,23.74,24.94,64.25,10.79,19.74
2024-04-30,22.22,21.51,62.96,90.16,53.69,57.5,67.2,18.77,28.93,45.95,91.57,29.0,14.0,67.59,110.81,12.4,140.57,9.91,22.13,46.99,13.24,26.83,16.32,27.52,36.41,29.09,61.67,16.57,17.67,91.13,13.04,97.26,16.42,69.55,33.89,24.04,29.28,20.95,40.61,21.69,52.03,18.85,18.62,44.33,61.48,28.68,178.73,52.34,14.76,40.23,13.69,19.91,49.24,4.03,17.06,54.93,10.79,25.54,11.2,74.23,11.19,20.55,8.33,5.6,37.94,24.61,22.13,90.99,65.64,23.46,15.2,13.81,24.98,47.0,24.4,29.71,6.6,34.16,29.2,11.96,27.3,9.39,45.06,52.99,75.47,21.15,35.15,6.16,20.0,19.9,24.47,30.12,61.77,9.13,18.32
2024-05-31,21.78,23.83,68.61,98.51,62.2,57.85,76.6,21.44,29.92,53.44,90.51,31.4,18.2,67.26,117.52,14.5,149.6,10.68,23.33,50.78,13.78,24.21,18.54,33.66,39.81,30.95,64.24,18.88,18.35,95.25,13.93,105.19,17.05,69.55,39.79,23.99,40.52,26.6,44.88,27.55,49.79,21.18,22.63,48.84,67.23,30.28,172.62,57.53,15.92,54.86,16.12,21.45,47.07,4.47,19.01,60.51,11.53,36.47,11.69,75.81,12.08,22.63,9.72,6.7,39.99,28.9,24.61,76.77,65.45,24.97,15.3,17.94,23.59,44.8,30.2,31.34,7.2,39.03,32.82,14.67,29.3,11.38,49.66,59.59,75.38,25.61,44.74,7.17,19.38,20.1,26.1,30.3,65.11,10.08,23.2
2024-06-30,20.6,23.58,65.61,110.59,61.51,57.94,74.7,20.33,30.5,53.7,92.05,29.0,14.3,66.62,114.26,12.1,139.23,10.73,21.94,48.19,13.12,24.32,16.42,34.0,37.24,28.16,54.36,18.93,16.31,88.11,12.98,99.83,14.97,65.89,37.44,22.96,41.76,25.44,45.89,25.59,52.03,23.22,21.43,45.98,65.01,33.48,177.46,56.14,15.88,54.95,15.38,20.19,44.72,4.85,18.35,65.75,11.38,47.84,10.81,75.68,12.73,23.65,10.05,8.3,39.61,28.65,22.4,76.68,66.86,31.66,13.55,18.2,23.67,45.85,27.0,31.6,6.88,37.56,30.75,14.41,28.7,10.61,50.57,58.6,75.09,25.88,44.23,6.92,19.57,20.2,29.09,30.49,69.02,9.05,20.16
2024-07-31,21.15,22.67,68.44,108.98,62.89,63.34,74.1,20.93,29.96,59.7,93.6,27.3,13.6,65.94,104.46,12.15,141.44,11.73,17.59,41.86,11.36,24.52,16.22,35.04,37.24,27.09,57.62,18.51,16.17,85.29,12.77,100.27,14.67,66.92,37.21,21.14,49.31,22.31,46.72,25.5,54.29,21.18,21.32,44.63,60.28,40.56,172.54,52.9,14.44,49.55,16.17,18.61,45.63,3.91,17.61,60.2,11.53,64.09,10.46,74.72,12.73,22.52,9.95,9.3,41.36,28.69,22.05,76.68,65.83,30.0,7.35,17.52,25.6,44.0,26.25,30.9,6.17,37.29,30.75,12.09,26.75,11.19,49.21,57.08,73.95,36.58,44.82,6.97,19.57,21.0,27.64,30.49,68.75,8.75,20.07
2024-08-31,22.1,21.25,71.35,114.23,68.81,65.37,76.5,19.46,31.16,58.84,98.51,26.75,13.0,66.35,106.05,10.65,160.65,11.41,19.95,40.88,12.87,27.1,16.42,35.32,37.42,26.84,54.75,19.28,16.8,91.64,12.77,98.07,15.33,69.18,37.08,20.06,55.82,24.74,46.08,25.64,53.84,20.21,21.55,46.51,58.89,43.48,212.1,55.12,13.36,47.57,15.21,18.33,44.72,4.36,16.98,59.93,10.91,62.64,10.93,74.07,12.13,22.52,9.1,9.7,40.88,29.1,22.09,76.68,64.89,28.16,6.2,17.81,27.16,42.95,27.9,30.94,5.85,38.76,29.93,11.47,25.8,9.7,64.11,54.58,73.95,37.6,42.66,6.5,19.57,22.8,26.28,30.02,67.75,8.53,20.03
2024-09-30,21.0,21.96,68.9,113.98,67.13,64.17,75.7,20.01,32.15,57.13,95.23,28.2,12.5,64.29,107.73,10.85,145.18,11.73,20.83,40.33,13.69,26.72,15.93,36.36,37.24,27.09,51.0,19.7,16.75,104.5,12.86,97.43,15.24,67.96,37.57,20.06,49.23,25.22,45.94,25.41,56.01,20.7,21.17,46.14,59.16,49.52,184.44,55.58,13.78,45.77,15.95,18.42,43.5,4.6,17.22,57.88,11.26,63.64,11.3,68.92,11.93,23.26,8.59,8.9,42.43,28.54,24.06,76.68,63.0,26.5,6.73,17.04,26.15,45.8,26.95,31.78,5.48,39.77,29.22,10.98,26.45,9.31,72.6,50.73,73.86,37.6,43.83,6.53,19.57,24.5,26.46,30.02,67.3,8.48,20.7
2024-10-31,20.78,22.42,66.36,115.17,65.56,60.5,76.6,18.77,30.45,54.98,92.7,26.3,12.2,63.2,104.74,10.35,143.04,11.27,19.49,38.87,13.61,24.75,15.64,35.47,34.67,25.08,50.7,19.12,15.86,118.51,12.65,95.16,14.38,67.02,36.04,17.77,47.39,24.35,46.35,24.23,56.1,19.67,21.29,42.4,62.32,44.57,188.46,52.81,13.12,46.76,16.05,17.68,43.06,4.8,16.09,56.18,10.94,63.46,10.88,68.28,11.59,24.09,7.31,7.3,43.13,28.8,23.26,76.68,65.92,29.31,11.9,16.75,26.05,42.0,26.7,32.26,5.33,36.8,28.0,10.94,27.0,8.45,83.98,52.65,71.2,35.8,40.77,6.4,11.74,19.2,25.65,30.49,70.74,7.98,20.86
2024-11-30,20.25,22.29,65.51,122.29,59.64,59.13,73.2,17.3,30.14,57.64,90.84,27.75,11.9,62.62,104.91,11.95,118.08,11.18,19.63,40.21,14.35,23.55,15.26,34.85,32.15,23.18,51.5,19.56,15.55,116.51,11.7,91.88,13.52,68.43,34.77,17.55,48.43,23.39,47.38,26.09,56.01,18.46,20.46,42.6,61.02,44.42,185.92,52.25,12.42,51.17,17.86,18.19,41.06,5.1,15.11,58.86,11.02,82.27,10.18,70.21,11.54,22.42,7.58,7.6,55.21,29.02,22.77,76.68,64.98,32.02,12.8,17.62,26.42,40.0,25.4,32.02,5.38,36.18,27.13,10.39,26.7,8.14,137.57,53.41,74.24,36.19,43.47,6.36,19.1,20.5,26.1,30.96,69.38,7.89,21.87
2024-12-31,20.27,22.21,64.1,130.13,60.13,58.49,70.0,17.57,32.82,58.24,95.73,27.2,11.7,63.1,111.71,12.05,115.06,11.91,19.17,42.83,12.79,28.57,15.26,33.62,31.68,22.88,58.4,19.37,16.22,120.75,11.98,98.05,12.57,68.13,33.05,16.34,51.4,24.13,46.54,25.91,61.89,17.93,20.99,39.59,64.66,46.55,183.48,51.93,12.34,49.25,19.17,19.49,41.01,6.1,14.45,58.61,11.39,86.36,10.83,67.63,11.64,23.4,7.42,7.8,57.11,29.45,22.37,94.62,67.1,33.99,11.7,19.07,25.23,38.2,25.15,32.3,5.72,36.94,29.65,10.63,26.75,8.37,211.67,56.25,74.43,44.46,42.97,7.5,19.1,20.5,24.92,30.77,74.37,7.82,22.45
