,Unnamed: 0,Tên,Hối đoái,Lĩnh vực,Ngành,Vốn Hoá Thị Trường
0,VIC,Vingroup,HOSE,Bất Động Sản,Hoạt động bất động sản,"1.194,43 NT ₫"
1,HPG,Hoà Phát,HOSE,Nguyên Liệu Cơ Bản,Kim Loại & Khai Mỏ,"206,47 NT ₫"
2,GAS,TCT Khí Việt Nam,HOSE,Năng lượng,Khí và Dầu,"170,11 NT ₫"
3,FPT,FPT,HOSE,Công Nghệ,Dịch Vụ Phần Mềm & CNTT,"157,57 NT ₫"
4,MWG,Thế giới Di động,HOSE,Hàng Tiêu Dùng Theo Chu Kỳ,Nhà Bán Lẻ Chuyên Dụng,"128,63 NT ₫"
5,VNM,Vinamilk,HOSE,Hàng Tiêu Dùng Không Theo Chu Kỳ,Thực Phẩm & Thuốc Lá,"128,53 NT ₫"
6,MSN,Tập đoàn Masan,HOSE,Hàng Tiêu Dùng Không Theo Chu Kỳ,Thực Phẩm & Thuốc Lá,"108,88 NT ₫"
7,GEX,Gelex,HOSE,Các Ngành Công Nghiệp,"Máy Móc, Công Cụ, Xe Tải Hạng Nặng, Tàu Hỏa & Tàu Thủy","38,58 NT ₫"
8,KDH,Khang Điền,HOSE,Bất Động Sản,Hoạt động bất động sản,"35,97 NT ₫"
9,REE,TCT Cơ điện lạnh,HOSE,Tiện ích,Công Ty Điện Lực & IPP,"33,2 NT ₫"
10,PNJ,Vàng bạc Đá quý Phú Nhuận,HOSE,Hàng Tiêu Dùng Theo Chu Kỳ,Dệt May,"32,72 NT ₫"
11,KBC,Kinh Bắc,HOSE,Bất Động Sản,Hoạt động bất động sản,"31,27 NT ₫"
12,MSR,Tài nguyên Masan,HNX,Nguyên Liệu Cơ Bản,Kim Loại & Khai Mỏ,"26,38 NT ₫"
13,GMD,Gemadept,HOSE,Các Ngành Công Nghiệp,Cơ Sở Hạ Tầng Giao Thông Vận Tải,"25,38 NT ₫"
14,DGC,Hóa chất Đức Giang,HOSE,Nguyên Liệu Cơ Bản,Hóa Chất,"23,13 NT ₫"
15,HAG,Hoàng Anh Gia Lai,HOSE,Hàng Tiêu Dùng Không Theo Chu Kỳ,Thực Phẩm & Thuốc Lá,"22,69 NT ₫"
16,VEF,Trung tâm Hội chợ Triển lãm VN,HNX,Các Ngành Công Nghiệp,Dịch Vụ Chuyên Môn & Thương Mại,"21,84 NT ₫"
17,SBT,Thành Thành Công,HOSE,Hàng Tiêu Dùng Không Theo Chu Kỳ,Thực Phẩm & Thuốc Lá,"20,69 NT ₫"
18,PDR,Phát Đạt,HOSE,Bất Động Sản,Hoạt động bất động sản,"18,96 NT ₫"
19,VGC,Viglacera,HOSE,Hàng Tiêu Dùng Theo Chu Kỳ,Vật Tư Xây Dựng & Công Trình,"18,32 NT ₫"
20,DXG,Đất Xanh,HOSE,Bất Động Sản,Hoạt động bất động sản,"17,93 NT ₫"
21,SJS,SJ JSC,HOSE,Bất Động Sản,Hoạt động bất động sản,"17,25 NT ₫"
22,HUT,Tasco,HNX,Hàng Tiêu Dùng Theo Chu Kỳ,Nhà Bán Lẻ Chuyên Dụng,"17,09 NT ₫"
23,DCM,Đạm Cà Mau,HOSE,Nguyên Liệu Cơ Bản,Hóa Chất,"16,83 NT ₫"
24,PVS,Dịch vụ Kỹ thuật Dầu khí Việt Nam,HNX,Năng lượng,Thiết bị và dịch vụ dầu khí,"16,11 NT ₫"
25,PVD,Dịch vụ Khoan Dầu khí,HOSE,Năng lượng,Thiết bị và dịch vụ dầu khí,"15,2 NT ₫"
26,KDC,Kido,HOSE,Hàng Tiêu Dùng Không Theo Chu Kỳ,Thực Phẩm & Thuốc Lá,"15,07 NT ₫"
27,DPM,Đạm Phú Mỹ,HOSE,Nguyên Liệu Cơ Bản,Hóa Chất,"15,03 NT ₫"
28,VCG,Vinaconex,HOSE,Các Ngành Công Nghiệp,Xây Dựng & Cơ Khí,"14,8 NT ₫"
29,BMP,Nhựa Bình Minh,HOSE,Hàng Tiêu Dùng Theo Chu Kỳ,Vật Tư Xây Dựng & Công Trình,"14,46 NT ₫"
30,CII,Hạ tầng Kỹ thuật TP. HCM,HOSE,Các Ngành Công Nghiệp,Cơ Sở Hạ Tầng Giao Thông Vận Tải,"14,12 NT ₫"
31,DHG,Dược Hậu Giang,HOSE,Y Tế,Dược Phẩm,"13,26 NT ₫"
32,CEO,Tập đoàn C.E.O,HNX,Bất Động Sản,Hoạt động bất động sản,"12,6 NT ₫"
33,VHC,Vĩnh Hoàn,HOSE,Hàng Tiêu Dùng Không Theo Chu Kỳ,Thực Phẩm & Thuốc Lá,"12,05 NT ₫"
34,NLG,Nam Long,HOSE,Bất Động Sản,Hoạt động bất động sản,"11,59 NT ₫"
35,DIG,TCT DIG,HOSE,Bất Động Sản,Hoạt động bất động sản,"11,31 NT ₫"
36,NTP,Nhựa Tiền Phong,HNX,Hàng Tiêu Dùng Theo Chu Kỳ,Vật Tư Xây Dựng & Công Trình,"10,79 NT ₫"
37,DBC,Dabaco,HOSE,Hàng Tiêu Dùng Không Theo Chu Kỳ,Thực Phẩm & Thuốc Lá,"10,6 NT ₫"
38,VSH,Thủy điện Vĩnh Sơn - Sông Hinh,HOSE,Tiện ích,Công Ty Điện Lực & IPP,"10,39 NT ₫"
39,HDG,Hà Đô,HOSE,Tiện ích,Công Ty Điện Lực & IPP,"10,21 NT ₫"
40,LGC,Cầu đường CII,HOSE,Các Ngành Công Nghiệp,Cơ Sở Hạ Tầng Giao Thông Vận Tải,"10,05 NT ₫"
41,LGC,Cầu đường CII,HOSE,Các Ngành Công Nghiệp,Cơ Sở Hạ Tầng Giao Thông Vận Tải,"10,05 NT ₫"
42,HSG,Hoa Sen,HOSE,Nguyên Liệu Cơ Bản,Kim Loại & Khai Mỏ,"9,97 NT ₫"
43,PVT,Vận tải Dầu khí,HOSE,Năng lượng,Thiết bị và dịch vụ dầu khí,"8,69 NT ₫"
44,DGW,Digiworld,HOSE,Hàng Tiêu Dùng Theo Chu Kỳ,Nhà Bán Lẻ Chuyên Dụng,"8,64 NT ₫"
45,CTD,Coteccons,HOSE,Các Ngành Công Nghiệp,Xây Dựng & Cơ Khí,8 NT ₫
46,IMP,Imexpharm,HOSE,Y Tế,Dược Phẩm,"7,78 NT ₫"
47,VCF,VinaCafe,HOSE,Hàng Tiêu Dùng Không Theo Chu Kỳ,Thực Phẩm & Thuốc Lá,"7,59 NT ₫"
48,PHR,Cao su Phước Hòa,HOSE,Hàng Tiêu Dùng Theo Chu Kỳ,Ô Tô & Phụ Tùng Ô Tô,"7,57 NT ₫"
49,VSC,Container Việt Nam,HOSE,Các Ngành Công Nghiệp,Cơ Sở Hạ Tầng Giao Thông Vận Tải,"7,54 NT ₫"
50,CMG,Đầu Tư CMC,HOSE,Công Nghệ,Dịch Vụ Phần Mềm & CNTT,"7,39 NT ₫"
51,ANV,Nam Việt,HOSE,Hàng Tiêu Dùng Không Theo Chu Kỳ,Thực Phẩm & Thuốc Lá,"7,19 NT ₫"
52,NT2,Dầu khí Nhơn Trạch 2,HOSE,Tiện ích,Công Ty Điện Lực & IPP,"6,95 NT ₫"
53,TMS,Transimex,HOSE,Các Ngành Công Nghiệp,Dịch Vụ Vận Chuyển Hàng Hóa & Hậu Cần,"6,91 NT ₫"
54,HNG,Nông nghiệp HAGL,HNX,Hàng Tiêu Dùng Không Theo Chu Kỳ,Thực Phẩm & Thuốc Lá,"6,87 NT ₫"
55,NKG,Thép Nam Kim,HOSE,Nguyên Liệu Cơ Bản,Kim Loại & Khai Mỏ,"6,85 NT ₫"
56,VCS,Vicostone,HNX,Hàng Tiêu Dùng Theo Chu Kỳ,Vật Tư Xây Dựng & Công Trình,"6,82 NT ₫"
57,IJC,BecamexIJC,HOSE,Bất Động Sản,Hoạt động bất động sản,"6,77 NT ₫"
58,DHT,Dược Hà Tây,HNX,Y Tế,Dược Phẩm,"6,48 NT ₫"
59,HHV,Đầu tư HTGT Đèo Cả,HOSE,Các Ngành Công Nghiệp,Cơ Sở Hạ Tầng Giao Thông Vận Tải,"6,45 NT ₫"
60,PDN,Cảng Đồng Nai,HOSE,Các Ngành Công Nghiệp,Cơ Sở Hạ Tầng Giao Thông Vận Tải,"6,12 NT ₫"
61,HT1,Xi Măng Hà Tiên,HOSE,Nguyên Liệu Cơ Bản,Vật Liệu Xây Dựng,"5,9 NT ₫"
62,PAN,Tập đoàn Pan,HOSE,Hàng Tiêu Dùng Không Theo Chu Kỳ,Thực Phẩm & Thuốc Lá,"5,81 NT ₫"
63,HHS,Hoàng Huy,HOSE,Hàng Tiêu Dùng Theo Chu Kỳ,Ô Tô & Phụ Tùng Ô Tô,"5,64 NT ₫"
64,TVN,Thép Việt Nam,HNX,Nguyên Liệu Cơ Bản,Kim Loại & Khai Mỏ,"5,09 NT ₫"
65,TLG,Thiên Long,HOSE,Các Ngành Công Nghiệp,Dịch Vụ Chuyên Môn & Thương Mại,"4,72 NT ₫"
66,CHP,Thủy điện miền Trung,HOSE,Tiện ích,Công Ty Điện Lực & IPP,"4,64 NT ₫"
67,HDC,Phát triển nhà Bà Rịa-Vũng Tàu,HOSE,Bất Động Sản,Hoạt động bất động sản,"4,55 NT ₫"
68,TBD,Thiết bị Điện Đông Anh,HNX,Các Ngành Công Nghiệp,"Máy Móc, Công Cụ, Xe Tải Hạng Nặng, Tàu Hỏa & Tàu Thủy","4,5 NT ₫"
69,TMP,Thủy điện Thác Mơ,HOSE,Tiện ích,Công Ty Điện Lực & IPP,"4,23 NT ₫"
70,SAS,Sasco,HNX,Các Ngành Công Nghiệp,Cơ Sở Hạ Tầng Giao Thông Vận Tải,"4,08 NT ₫"
71,QCG,Quốc Cường Gia Lai,HOSE,Bất Động Sản,Hoạt động bất động sản,"3,88 NT ₫"
72,DDV,DAP - VINACHEM,HNX,Nguyên Liệu Cơ Bản,Hóa Chất,"3,7 NT ₫"
73,VC3,Nam Mê Kông,HNX,Bất Động Sản,Hoạt động bất động sản,"3,68 NT ₫"
74,STG,Kho vận Miền Nam,HOSE,Các Ngành Công Nghiệp,Dịch Vụ Vận Chuyển Hàng Hóa & Hậu Cần,"3,66 NT ₫"
75,PET,PET,HOSE,Hàng Tiêu Dùng Theo Chu Kỳ,Nhà Bán Lẻ Chuyên Dụng,"3,61 NT ₫"
76,SHP,Thủy điện Miền Nam,HOSE,Tiện ích,Công Ty Điện Lực & IPP,"3,44 NT ₫"
77,SCR,Sacomreal,HOSE,Bất Động Sản,Hoạt động bất động sản,"3,23 NT ₫"
78,DPR,Cao su Đồng Phú,HOSE,Hàng Tiêu Dùng Theo Chu Kỳ,Ô Tô & Phụ Tùng Ô Tô,"3,21 NT ₫"
79,DHC,Đông Hải Bến Tre,HOSE,Nguyên Liệu Cơ Bản,Bao bì và đóng gói,"3,19 NT ₫"
80,PPC,Nhiệt điện Phả Lại,HOSE,Tiện ích,Công Ty Điện Lực & IPP,"3,15 NT ₫"
81,DCL,Dược Cửu Long,HOSE,Y Tế,Dược Phẩm,"3,1 NT ₫"
82,AAA,Nhựa An Phát,HOSE,Nguyên Liệu Cơ Bản,Bao bì và đóng gói,"3,07 NT ₫"
83,HGM,Khoáng sản Hà Giang,HNX,Nguyên Liệu Cơ Bản,Kim Loại & Khai Mỏ,"3,02 NT ₫"
84,PTB,Phú Tài,HOSE,Hàng Tiêu Dùng Theo Chu Kỳ,Hàng Gia Dụng,"2,99 NT ₫"
85,TRA,Traphaco,HOSE,Y Tế,Dược Phẩm,"2,99 NT ₫"
86,CSV,Hóa chất Cơ bản miền Nam,HOSE,Nguyên Liệu Cơ Bản,Hóa Chất,"2,97 NT ₫"
87,TCM,Dệt may Thành Công,HOSE,Hàng Tiêu Dùng Theo Chu Kỳ,Dệt May,"2,97 NT ₫"
88,SAM,CTCP Sam Holdings,HOSE,Các Ngành Công Nghiệp,"Máy Móc, Công Cụ, Xe Tải Hạng Nặng, Tàu Hỏa & Tàu Thủy","2,91 NT ₫"
89,DNP,DNP Holding JSC,HNX,Hàng Tiêu Dùng Theo Chu Kỳ,Vật Tư Xây Dựng & Công Trình,"2,82 NT ₫"
90,SWC,Sowatco,HNX,Năng lượng,Khí và Dầu,"2,7 NT ₫"
91,PGS,Khí Miền Nam,HNX,Năng lượng,Khí và Dầu,"2,7 NT ₫"
92,DVP,Cảng Đình Vũ,HOSE,Các Ngành Công Nghiệp,Cơ Sở Hạ Tầng Giao Thông Vận Tải,"2,69 NT ₫"
93,ASM,Sao Mai,HOSE,Hàng Tiêu Dùng Không Theo Chu Kỳ,Thực Phẩm & Thuốc Lá,"2,65 NT ₫"
94,ELC,Elcom Tech Communications,HOSE,Công Nghệ,Dịch Vụ Phần Mềm & CNTT,"2,63 NT ₫"
